transaction_id,date,customer_id,gender,age,product_category,quantity,price_per_unit,total_amount,month,month_number,year,age_group,day,week,week_day
1,2025-01-01,CUST001,Male,34,Beauty,3,50.0,150.0,January,1,2025,26-35,1,1,Wednesday
2,2025-01-01,CUST002,Female,26,Clothing,2,500.0,1000.0,January,1,2025,26-35,1,1,Wednesday
3,2025-01-01,CUST003,Male,50,Electronics,1,30.0,30.0,January,1,2025,46+,1,1,Wednesday
4,2025-01-02,CUST004,Male,37,Clothing,1,500.0,500.0,January,1,2025,36-45,2,1,Thursday
5,2025-01-02,CUST005,Male,30,Beauty,2,50.0,100.0,January,1,2025,26-35,2,1,Thursday
6,2025-01-02,CUST006,Female,45,Beauty,1,30.0,30.0,January,1,2025,36-45,2,1,Thursday
7,2025-01-02,CUST007,Male,46,Clothing,2,25.0,50.0,January,1,2025,46+,2,1,Thursday
8,2025-01-03,CUST008,Male,30,Electronics,4,25.0,100.0,January,1,2025,26-35,3,1,Friday
9,2025-01-04,CUST009,Male,63,Electronics,2,300.0,600.0,January,1,2025,46+,4,1,Saturday
10,2025-01-04,CUST010,Female,52,Clothing,4,50.0,200.0,January,1,2025,46+,4,1,Saturday
11,2025-01-04,CUST011,Male,23,Clothing,2,50.0,100.0,January,1,2025,18-25,4,1,Saturday
12,2025-01-05,CUST009,Male,35,Beauty,3,25.0,75.0,January,1,2025,26-35,5,1,Sunday
13,2025-01-05,CUST012,Male,22,Electronics,3,500.0,1500.0,January,1,2025,18-25,5,1,Sunday
14,2025-01-05,CUST013,Male,64,Clothing,4,30.0,120.0,January,1,2025,46+,5,1,Sunday
15,2025-01-06,CUST014,Female,42,Electronics,4,500.0,2000.0,January,1,2025,36-45,6,2,Monday
16,2025-01-06,CUST015,Male,19,Clothing,3,500.0,1500.0,January,1,2025,18-25,6,2,Monday
17,2025-01-07,CUST016,Female,27,Clothing,4,25.0,100.0,January,1,2025,26-35,7,2,Tuesday
18,2025-01-07,CUST017,Female,47,Electronics,2,25.0,50.0,January,1,2025,46+,7,2,Tuesday
19,2025-01-08,CUST018,Female,62,Clothing,2,25.0,50.0,January,1,2025,46+,8,2,Wednesday
20,2025-01-08,CUST019,Male,22,Clothing,3,300.0,900.0,January,1,2025,18-25,8,2,Wednesday
21,2025-01-09,CUST020,Female,50,Beauty,1,500.0,500.0,January,1,2025,46+,9,2,Thursday
22,2025-01-10,CUST021,Male,18,Clothing,2,50.0,100.0,January,1,2025,18-25,10,2,Friday
23,2025-01-10,CUST022,Female,35,Clothing,4,30.0,120.0,January,1,2025,26-35,10,2,Friday
24,2025-01-11,CUST023,Female,49,Clothing,1,300.0,300.0,January,1,2025,46+,11,2,Saturday
25,2025-01-11,CUST018,Female,64,Beauty,1,50.0,50.0,January,1,2025,46+,11,2,Saturday
26,2025-01-11,CUST024,Female,28,Electronics,2,500.0,1000.0,January,1,2025,26-35,11,2,Saturday
27,2025-01-13,CUST025,Female,38,Beauty,2,25.0,50.0,January,1,2025,36-45,13,3,Monday
28,2025-01-13,CUST026,Female,43,Beauty,1,500.0,500.0,January,1,2025,36-45,13,3,Monday
29,2025-01-13,CUST027,Female,42,Electronics,1,30.0,30.0,January,1,2025,36-45,13,3,Monday
30,2025-01-13,CUST018,Female,39,Beauty,3,300.0,900.0,January,1,2025,36-45,13,3,Monday
31,2025-01-14,CUST028,Male,44,Electronics,4,300.0,1200.0,January,1,2025,36-45,14,3,Tuesday
32,2025-01-14,CUST029,Male,30,Beauty,3,30.0,90.0,January,1,2025,26-35,14,3,Tuesday
33,2025-01-14,CUST030,Female,50,Electronics,2,50.0,100.0,January,1,2025,46+,14,3,Tuesday
34,2025-01-14,CUST031,Female,51,Clothing,3,50.0,150.0,January,1,2025,46+,14,3,Tuesday
35,2025-01-15,CUST008,Female,58,Beauty,3,300.0,900.0,January,1,2025,46+,15,3,Wednesday
36,2025-01-15,CUST032,Male,52,Beauty,3,300.0,900.0,January,1,2025,46+,15,3,Wednesday
37,2025-01-15,CUST009,Female,18,Beauty,3,25.0,75.0,January,1,2025,18-25,15,3,Wednesday
38,2025-01-16,CUST033,Male,38,Beauty,4,50.0,200.0,January,1,2025,36-45,16,3,Thursday
39,2025-01-16,CUST013,Male,23,Clothing,4,30.0,120.0,January,1,2025,18-25,16,3,Thursday
40,2025-01-17,CUST034,Male,45,Beauty,1,50.0,50.0,January,1,2025,36-45,17,3,Friday
41,2025-01-17,CUST015,Male,34,Clothing,2,25.0,50.0,January,1,2025,26-35,17,3,Friday
42,2025-01-17,CUST035,Male,22,Clothing,3,300.0,900.0,January,1,2025,18-25,17,3,Friday
43,2025-01-17,CUST018,Female,48,Clothing,1,300.0,300.0,January,1,2025,46+,17,3,Friday
44,2025-01-19,CUST036,Female,22,Clothing,1,25.0,25.0,January,1,2025,18-25,19,3,Sunday
45,2025-01-20,CUST026,Female,55,Electronics,1,30.0,30.0,January,1,2025,46+,20,4,Monday
46,2025-01-20,CUST037,Female,20,Electronics,4,300.0,1200.0,January,1,2025,18-25,20,4,Monday
47,2025-01-21,CUST029,Female,40,Beauty,3,500.0,1500.0,January,1,2025,36-45,21,4,Tuesday
48,2025-01-21,CUST038,Male,54,Electronics,3,300.0,900.0,January,1,2025,46+,21,4,Tuesday
49,2025-01-21,CUST039,Female,54,Electronics,2,500.0,1000.0,January,1,2025,46+,21,4,Tuesday
50,2025-01-22,CUST040,Female,27,Beauty,3,25.0,75.0,January,1,2025,26-35,22,4,Wednesday
51,2025-01-22,CUST041,Male,27,Beauty,3,25.0,75.0,January,1,2025,26-35,22,4,Wednesday
52,2025-01-23,CUST015,Female,36,Beauty,1,300.0,300.0,January,1,2025,36-45,23,4,Thursday
53,2025-01-23,CUST042,Male,34,Electronics,2,50.0,100.0,January,1,2025,26-35,23,4,Thursday
54,2025-01-23,CUST018,Female,38,Electronics,3,500.0,1500.0,January,1,2025,36-45,23,4,Thursday
55,2025-01-24,CUST043,Male,31,Beauty,4,30.0,120.0,January,1,2025,26-35,24,4,Friday
56,2025-01-24,CUST026,Female,26,Clothing,3,300.0,900.0,January,1,2025,26-35,24,4,Friday
57,2025-01-24,CUST044,Female,63,Beauty,1,30.0,30.0,January,1,2025,46+,24,4,Friday
58,2025-01-25,CUST029,Male,18,Clothing,4,300.0,1200.0,January,1,2025,18-25,25,4,Saturday
59,2025-01-26,CUST045,Male,62,Clothing,1,50.0,50.0,January,1,2025,46+,26,4,Sunday
60,2025-01-26,CUST031,Male,30,Beauty,3,50.0,150.0,January,1,2025,26-35,26,4,Sunday
61,2025-01-26,CUST046,Male,21,Beauty,4,50.0,200.0,January,1,2025,18-25,26,4,Sunday
62,2025-01-26,CUST033,Male,18,Beauty,2,50.0,100.0,January,1,2025,18-25,26,4,Sunday
63,2025-01-27,CUST003,Male,57,Electronics,2,25.0,50.0,January,1,2025,46+,27,5,Monday
64,2025-01-27,CUST047,Male,49,Clothing,4,25.0,100.0,January,1,2025,46+,27,5,Monday
65,2025-01-27,CUST008,Male,51,Electronics,4,500.0,2000.0,January,1,2025,46+,27,5,Monday
66,2025-01-28,CUST048,Female,45,Electronics,1,30.0,30.0,January,1,2025,36-45,28,5,Tuesday
67,2025-01-28,CUST009,Female,48,Beauty,4,300.0,1200.0,January,1,2025,46+,28,5,Tuesday
68,2025-01-28,CUST049,Male,25,Electronics,1,300.0,300.0,January,1,2025,18-25,28,5,Tuesday
69,2025-01-29,CUST013,Female,56,Beauty,3,25.0,75.0,January,1,2025,46+,29,5,Wednesday
70,2025-01-30,CUST050,Female,43,Clothing,1,300.0,300.0,January,1,2025,36-45,30,5,Thursday
71,2025-01-30,CUST015,Female,51,Beauty,4,25.0,100.0,January,1,2025,46+,30,5,Thursday
72,2025-01-30,CUST051,Female,20,Electronics,4,500.0,2000.0,January,1,2025,18-25,30,5,Thursday
73,2025-01-30,CUST018,Male,29,Electronics,3,30.0,90.0,January,1,2025,26-35,30,5,Thursday
74,2025-01-31,CUST052,Female,18,Beauty,4,500.0,2000.0,January,1,2025,18-25,31,5,Friday
75,2025-01-31,CUST026,Male,61,Beauty,4,50.0,200.0,January,1,2025,46+,31,5,Friday
76,2025-01-31,CUST053,Female,22,Electronics,2,50.0,100.0,January,1,2025,18-25,31,5,Friday
77,2025-02-01,CUST054,Female,47,Clothing,2,50.0,100.0,February,2,2025,46+,1,5,Saturday
78,2025-02-01,CUST029,Female,47,Clothing,3,500.0,1500.0,February,2,2025,46+,1,5,Saturday
79,2025-02-01,CUST055,Male,34,Beauty,1,300.0,300.0,February,2,2025,26-35,1,5,Saturday
80,2025-02-02,CUST031,Female,64,Clothing,2,30.0,60.0,February,2,2025,46+,2,5,Sunday
81,2025-02-02,CUST056,Male,40,Electronics,1,50.0,50.0,February,2,2025,36-45,2,5,Sunday
82,2025-02-02,CUST033,Female,32,Beauty,4,50.0,200.0,February,2,2025,26-35,2,5,Sunday
83,2025-02-03,CUST057,Male,54,Electronics,2,50.0,100.0,February,2,2025,46+,3,6,Monday
84,2025-02-03,CUST045,Female,38,Electronics,3,30.0,90.0,February,2,2025,36-45,3,6,Monday
85,2025-02-04,CUST046,Male,31,Clothing,3,50.0,150.0,February,2,2025,26-35,4,6,Tuesday
86,2025-02-04,CUST058,Male,19,Beauty,3,30.0,90.0,February,2,2025,18-25,4,6,Tuesday
87,2025-02-05,CUST059,Female,28,Beauty,2,50.0,100.0,February,2,2025,26-35,5,6,Wednesday
88,2025-02-05,CUST060,Male,56,Clothing,1,500.0,500.0,February,2,2025,46+,5,6,Wednesday
89,2025-02-05,CUST061,Female,55,Electronics,4,500.0,2000.0,February,2,2025,46+,5,6,Wednesday
90,2025-02-05,CUST062,Female,51,Electronics,1,30.0,30.0,February,2,2025,46+,5,6,Wednesday
91,2025-02-05,CUST015,Female,55,Electronics,1,500.0,500.0,February,2,2025,46+,5,6,Wednesday
92,2025-02-05,CUST063,Female,51,Electronics,4,30.0,120.0,February,2,2025,46+,5,6,Wednesday
93,2025-02-05,CUST064,Female,35,Beauty,4,500.0,2000.0,February,2,2025,26-35,5,6,Wednesday
94,2025-02-05,CUST026,Female,47,Beauty,2,500.0,1000.0,February,2,2025,46+,5,6,Wednesday
95,2025-02-06,CUST065,Female,32,Clothing,2,30.0,60.0,February,2,2025,26-35,6,6,Thursday
96,2025-02-06,CUST013,Female,44,Clothing,2,300.0,600.0,February,2,2025,36-45,6,6,Thursday
97,2025-02-06,CUST066,Female,51,Beauty,2,500.0,1000.0,February,2,2025,46+,6,6,Thursday
98,2025-02-06,CUST067,Female,55,Beauty,2,50.0,100.0,February,2,2025,46+,6,6,Thursday
99,2025-02-07,CUST049,Female,50,Electronics,4,300.0,1200.0,February,2,2025,46+,7,6,Friday
100,2025-02-07,CUST068,Male,41,Electronics,1,30.0,30.0,February,2,2025,36-45,7,6,Friday
101,2025-02-07,CUST018,Male,32,Clothing,2,300.0,600.0,February,2,2025,26-35,7,6,Friday
102,2025-02-07,CUST069,Female,47,Beauty,2,25.0,50.0,February,2,2025,46+,7,6,Friday
103,2025-02-08,CUST033,Female,59,Clothing,1,25.0,25.0,February,2,2025,46+,8,6,Saturday
104,2025-02-08,CUST070,Female,34,Beauty,2,500.0,1000.0,February,2,2025,26-35,8,6,Saturday
105,2025-02-08,CUST071,Female,22,Electronics,1,500.0,500.0,February,2,2025,18-25,8,6,Saturday
106,2025-02-08,CUST072,Female,46,Clothing,1,50.0,50.0,February,2,2025,46+,8,6,Saturday
107,2025-02-09,CUST073,Female,21,Clothing,4,300.0,1200.0,February,2,2025,18-25,9,6,Sunday
108,2025-02-10,CUST074,Female,27,Beauty,3,25.0,75.0,February,2,2025,26-35,10,7,Monday
109,2025-02-10,CUST063,Female,34,Electronics,4,500.0,2000.0,February,2,2025,26-35,10,7,Monday
110,2025-02-10,CUST075,Male,27,Clothing,3,300.0,900.0,February,2,2025,26-35,10,7,Monday
111,2025-02-11,CUST066,Female,34,Electronics,3,500.0,1500.0,February,2,2025,26-35,11,7,Tuesday
112,2025-02-11,CUST076,Male,37,Clothing,3,500.0,1500.0,February,2,2025,36-45,11,7,Tuesday
113,2025-02-11,CUST073,Female,41,Electronics,2,25.0,50.0,February,2,2025,36-45,11,7,Tuesday
114,2025-02-11,CUST077,Female,22,Beauty,4,25.0,100.0,February,2,2025,18-25,11,7,Tuesday
115,2025-02-11,CUST078,Male,51,Clothing,3,500.0,1500.0,February,2,2025,46+,11,7,Tuesday
116,2025-02-12,CUST079,Female,23,Clothing,1,30.0,30.0,February,2,2025,18-25,12,7,Wednesday
117,2025-02-13,CUST080,Male,19,Electronics,2,500.0,1000.0,February,2,2025,18-25,13,7,Thursday
118,2025-02-13,CUST081,Female,30,Electronics,1,500.0,500.0,February,2,2025,26-35,13,7,Thursday
119,2025-02-13,CUST082,Female,60,Clothing,3,50.0,150.0,February,2,2025,46+,13,7,Thursday
120,2025-02-13,CUST083,Male,60,Beauty,1,50.0,50.0,February,2,2025,46+,13,7,Thursday
121,2025-02-14,CUST084,Female,28,Electronics,4,50.0,200.0,February,2,2025,26-35,14,7,Friday
122,2025-02-14,CUST026,Male,64,Electronics,4,30.0,120.0,February,2,2025,46+,14,7,Friday
123,2025-02-16,CUST085,Female,40,Electronics,2,30.0,60.0,February,2,2025,36-45,16,7,Sunday
124,2025-02-17,CUST029,Male,33,Clothing,4,500.0,2000.0,February,2,2025,26-35,17,8,Monday
125,2025-02-17,CUST086,Male,48,Clothing,2,50.0,100.0,February,2,2025,46+,17,8,Monday
126,2025-02-17,CUST031,Female,28,Clothing,3,30.0,90.0,February,2,2025,26-35,17,8,Monday
127,2025-02-17,CUST087,Female,33,Clothing,2,25.0,50.0,February,2,2025,26-35,17,8,Monday
128,2025-02-17,CUST033,Male,25,Beauty,1,500.0,500.0,February,2,2025,18-25,17,8,Monday
129,2025-02-17,CUST088,Female,21,Beauty,2,300.0,600.0,February,2,2025,18-25,17,8,Monday
130,2025-02-18,CUST063,Female,57,Clothing,2,500.0,1000.0,February,2,2025,46+,18,8,Tuesday
131,2025-02-19,CUST089,Female,21,Beauty,2,300.0,600.0,February,2,2025,18-25,19,8,Wednesday
132,2025-02-19,CUST083,Male,42,Electronics,4,50.0,200.0,February,2,2025,36-45,19,8,Wednesday
133,2025-02-20,CUST090,Male,20,Electronics,3,300.0,900.0,February,2,2025,18-25,20,8,Thursday
134,2025-02-20,CUST084,Male,49,Electronics,1,50.0,50.0,February,2,2025,46+,20,8,Thursday
135,2025-02-20,CUST091,Male,20,Clothing,2,25.0,50.0,February,2,2025,18-25,20,8,Thursday
136,2025-02-21,CUST089,Male,44,Electronics,2,300.0,600.0,February,2,2025,36-45,21,8,Friday
137,2025-02-21,CUST092,Male,46,Beauty,2,500.0,1000.0,February,2,2025,46+,21,8,Friday
138,2025-02-21,CUST090,Male,49,Clothing,4,50.0,200.0,February,2,2025,46+,21,8,Friday
139,2025-02-22,CUST093,Male,36,Beauty,4,500.0,2000.0,February,2,2025,36-45,22,8,Saturday
140,2025-02-22,CUST091,Male,38,Electronics,1,30.0,30.0,February,2,2025,36-45,22,8,Saturday
141,2025-02-22,CUST094,Female,22,Electronics,1,50.0,50.0,February,2,2025,18-25,22,8,Saturday
142,2025-02-22,CUST092,Male,35,Electronics,4,300.0,1200.0,February,2,2025,26-35,22,8,Saturday
143,2025-02-22,CUST095,Female,45,Clothing,4,50.0,200.0,February,2,2025,36-45,22,8,Saturday
144,2025-02-23,CUST096,Female,59,Beauty,3,500.0,1500.0,February,2,2025,46+,23,8,Sunday
145,2025-02-24,CUST097,Female,39,Clothing,3,25.0,75.0,February,2,2025,36-45,24,9,Monday
146,2025-02-24,CUST098,Male,38,Clothing,4,50.0,200.0,February,2,2025,36-45,24,9,Monday
147,2025-02-24,CUST099,Male,23,Electronics,1,300.0,300.0,February,2,2025,18-25,24,9,Monday
148,2025-02-24,CUST100,Male,18,Clothing,2,30.0,60.0,February,2,2025,18-25,24,9,Monday
149,2025-02-25,CUST101,Male,22,Clothing,3,25.0,75.0,February,2,2025,18-25,25,9,Tuesday
150,2025-02-25,CUST033,Female,58,Electronics,4,30.0,120.0,February,2,2025,46+,25,9,Tuesday
151,2025-02-25,CUST102,Male,29,Clothing,1,50.0,50.0,February,2,2025,26-35,25,9,Tuesday
152,2025-02-25,CUST018,Male,43,Electronics,4,500.0,2000.0,February,2,2025,36-45,25,9,Tuesday
153,2025-02-26,CUST103,Male,63,Electronics,2,500.0,1000.0,February,2,2025,46+,26,9,Wednesday
154,2025-02-27,CUST089,Male,51,Electronics,3,300.0,900.0,February,2,2025,46+,27,9,Thursday
155,2025-02-27,CUST104,Male,31,Electronics,4,500.0,2000.0,February,2,2025,26-35,27,9,Thursday
156,2025-02-27,CUST003,Female,43,Clothing,4,25.0,100.0,February,2,2025,36-45,27,9,Thursday
157,2025-02-27,CUST105,Male,62,Electronics,4,500.0,2000.0,February,2,2025,46+,27,9,Thursday
158,2025-02-28,CUST049,Female,44,Electronics,3,300.0,900.0,February,2,2025,36-45,28,9,Friday
159,2025-02-28,CUST106,Male,26,Clothing,4,50.0,200.0,February,2,2025,26-35,28,9,Friday
160,2025-02-28,CUST073,Female,43,Clothing,2,50.0,100.0,February,2,2025,36-45,28,9,Friday
161,2025-02-28,CUST107,Male,64,Beauty,2,500.0,1000.0,February,2,2025,46+,28,9,Friday
162,2025-03-01,CUST066,Male,39,Clothing,2,30.0,60.0,March,3,2025,36-45,1,9,Saturday
163,2025-03-01,CUST013,Female,64,Clothing,3,50.0,150.0,March,3,2025,46+,1,9,Saturday
164,2025-03-01,CUST108,Female,47,Beauty,3,500.0,1500.0,March,3,2025,46+,1,9,Saturday
165,2025-03-02,CUST109,Female,47,Clothing,4,300.0,1200.0,March,3,2025,46+,2,9,Sunday
166,2025-03-03,CUST110,Female,51,Clothing,4,500.0,2000.0,March,3,2025,46+,3,10,Monday
167,2025-03-03,CUST111,Female,55,Clothing,3,50.0,150.0,March,3,2025,46+,3,10,Monday
168,2025-03-03,CUST112,Female,47,Clothing,1,300.0,300.0,March,3,2025,46+,3,10,Monday
169,2025-03-03,CUST113,Female,34,Beauty,3,500.0,1500.0,March,3,2025,26-35,3,10,Monday
170,2025-03-03,CUST114,Female,27,Clothing,2,25.0,50.0,March,3,2025,26-35,3,10,Monday
171,2025-03-04,CUST115,Female,22,Clothing,3,300.0,900.0,March,3,2025,18-25,4,10,Tuesday
172,2025-03-05,CUST116,Male,60,Beauty,2,25.0,50.0,March,3,2025,46+,5,10,Wednesday
173,2025-03-05,CUST018,Male,25,Electronics,4,30.0,120.0,March,3,2025,18-25,5,10,Wednesday
174,2025-03-06,CUST117,Female,21,Beauty,1,300.0,300.0,March,3,2025,18-25,6,10,Thursday
175,2025-03-06,CUST111,Female,21,Electronics,4,25.0,100.0,March,3,2025,18-25,6,10,Thursday
176,2025-03-06,CUST118,Male,46,Beauty,2,50.0,100.0,March,3,2025,46+,6,10,Thursday
177,2025-03-06,CUST113,Male,36,Beauty,2,50.0,100.0,March,3,2025,36-45,6,10,Thursday
178,2025-03-07,CUST119,Female,59,Clothing,2,30.0,60.0,March,3,2025,46+,7,10,Friday
179,2025-03-07,CUST108,Male,64,Electronics,1,300.0,300.0,March,3,2025,46+,7,10,Friday
180,2025-03-07,CUST120,Female,47,Clothing,3,300.0,900.0,March,3,2025,46+,7,10,Friday
181,2025-03-07,CUST089,Male,18,Electronics,4,300.0,1200.0,March,3,2025,18-25,7,10,Friday
182,2025-03-08,CUST121,Male,32,Beauty,4,30.0,120.0,March,3,2025,26-35,8,10,Saturday
183,2025-03-09,CUST073,Female,39,Beauty,3,300.0,900.0,March,3,2025,36-45,9,10,Sunday
184,2025-03-09,CUST122,Female,43,Electronics,4,50.0,200.0,March,3,2025,36-45,9,10,Sunday
185,2025-03-09,CUST113,Male,45,Clothing,1,25.0,25.0,March,3,2025,36-45,9,10,Sunday
186,2025-03-10,CUST123,Male,62,Clothing,4,50.0,200.0,March,3,2025,46+,10,11,Monday
187,2025-03-10,CUST113,Female,43,Clothing,2,50.0,100.0,March,3,2025,36-45,10,11,Monday
188,2025-03-11,CUST124,Male,63,Clothing,3,25.0,75.0,March,3,2025,46+,11,11,Tuesday
189,2025-03-12,CUST125,Female,60,Beauty,1,50.0,50.0,March,3,2025,46+,12,11,Wednesday
190,2025-03-12,CUST126,Male,64,Beauty,3,30.0,90.0,March,3,2025,46+,12,11,Wednesday
191,2025-03-13,CUST127,Male,62,Beauty,1,25.0,25.0,March,3,2025,46+,13,11,Thursday
192,2025-03-13,CUST128,Male,35,Beauty,2,50.0,100.0,March,3,2025,26-35,13,11,Thursday
193,2025-03-13,CUST129,Female,54,Beauty,3,500.0,1500.0,March,3,2025,46+,13,11,Thursday
194,2025-03-15,CUST130,Male,45,Clothing,4,50.0,200.0,March,3,2025,36-45,15,11,Saturday
195,2025-03-17,CUST131,Male,27,Clothing,1,30.0,30.0,March,3,2025,26-35,17,12,Monday
196,2025-03-17,CUST132,Male,39,Clothing,3,300.0,900.0,March,3,2025,36-45,17,12,Monday
197,2025-03-17,CUST133,Female,42,Clothing,4,50.0,200.0,March,3,2025,36-45,17,12,Monday
198,2025-03-18,CUST109,Male,42,Beauty,3,300.0,900.0,March,3,2025,36-45,18,12,Tuesday
199,2025-03-18,CUST134,Male,27,Beauty,3,500.0,1500.0,March,3,2025,26-35,18,12,Tuesday
200,2025-03-19,CUST018,Male,20,Beauty,3,50.0,150.0,March,3,2025,18-25,19,12,Wednesday
201,2025-03-19,CUST135,Male,64,Electronics,1,25.0,25.0,March,3,2025,46+,19,12,Wednesday
202,2025-03-20,CUST113,Male,64,Clothing,4,300.0,1200.0,March,3,2025,46+,20,12,Thursday
203,2025-03-20,CUST136,Male,39,Clothing,2,500.0,1000.0,March,3,2025,36-45,20,12,Thursday
204,2025-03-20,CUST114,Female,57,Beauty,1,25.0,25.0,March,3,2025,46+,20,12,Thursday
205,2025-03-20,CUST137,Male,58,Clothing,1,25.0,25.0,March,3,2025,46+,20,12,Thursday
206,2025-03-20,CUST049,Male,54,Clothing,1,25.0,25.0,March,3,2025,46+,20,12,Thursday
207,2025-03-21,CUST138,Female,43,Beauty,2,25.0,50.0,March,3,2025,36-45,21,12,Friday
208,2025-03-21,CUST139,Female,51,Electronics,4,50.0,200.0,March,3,2025,46+,21,12,Friday
209,2025-03-21,CUST140,Female,50,Electronics,4,50.0,200.0,March,3,2025,46+,21,12,Friday
210,2025-03-21,CUST141,Female,39,Electronics,4,50.0,200.0,March,3,2025,36-45,21,12,Friday
211,2025-03-22,CUST142,Female,23,Beauty,3,500.0,1500.0,March,3,2025,18-25,22,12,Saturday
212,2025-03-22,CUST143,Male,28,Clothing,3,500.0,1500.0,March,3,2025,26-35,22,12,Saturday
213,2025-03-22,CUST144,Female,57,Beauty,3,500.0,1500.0,March,3,2025,46+,22,12,Saturday
214,2025-03-22,CUST145,Male,19,Beauty,2,30.0,60.0,March,3,2025,18-25,22,12,Saturday
215,2025-03-22,CUST146,Female,60,Clothing,3,500.0,1500.0,March,3,2025,46+,22,12,Saturday
216,2025-03-23,CUST147,Male,34,Electronics,2,50.0,100.0,March,3,2025,26-35,23,12,Sunday
217,2025-03-23,CUST148,Female,43,Electronics,4,50.0,200.0,March,3,2025,36-45,23,12,Sunday
218,2025-03-23,CUST149,Male,53,Beauty,3,30.0,90.0,March,3,2025,46+,23,12,Sunday
219,2025-03-23,CUST150,Male,18,Electronics,3,30.0,90.0,March,3,2025,18-25,23,12,Sunday
220,2025-03-24,CUST151,Female,25,Beauty,1,500.0,500.0,March,3,2025,18-25,24,13,Monday
221,2025-03-24,CUST152,Female,52,Beauty,2,300.0,600.0,March,3,2025,46+,24,13,Monday
222,2025-03-25,CUST153,Male,32,Clothing,4,30.0,120.0,March,3,2025,26-35,25,13,Tuesday
223,2025-03-25,CUST154,Male,64,Clothing,1,25.0,25.0,March,3,2025,46+,25,13,Tuesday
224,2025-03-25,CUST155,Female,39,Clothing,1,50.0,50.0,March,3,2025,36-45,25,13,Tuesday
225,2025-03-25,CUST156,Female,31,Beauty,4,25.0,100.0,March,3,2025,26-35,25,13,Tuesday
226,2025-03-26,CUST157,Female,43,Clothing,1,50.0,50.0,March,3,2025,36-45,26,13,Wednesday
227,2025-03-26,CUST158,Male,45,Electronics,2,50.0,100.0,March,3,2025,36-45,26,13,Wednesday
228,2025-03-26,CUST159,Male,40,Electronics,2,30.0,60.0,March,3,2025,36-45,26,13,Wednesday
229,2025-03-27,CUST160,Male,31,Beauty,3,30.0,90.0,March,3,2025,26-35,27,13,Thursday
230,2025-03-27,CUST161,Male,41,Beauty,1,25.0,25.0,March,3,2025,36-45,27,13,Thursday
231,2025-03-28,CUST162,Male,19,Clothing,3,50.0,150.0,March,3,2025,18-25,28,13,Friday
232,2025-03-29,CUST163,Male,62,Beauty,1,25.0,25.0,March,3,2025,46+,29,13,Saturday
233,2025-03-30,CUST164,Female,43,Beauty,2,300.0,600.0,March,3,2025,36-45,30,13,Sunday
234,2025-03-31,CUST165,Male,31,Electronics,2,25.0,50.0,March,3,2025,26-35,31,14,Monday
235,2025-04-01,CUST166,Male,24,Electronics,2,500.0,1000.0,April,4,2025,18-25,1,14,Tuesday
236,2025-04-01,CUST167,Male,20,Clothing,1,25.0,25.0,April,4,2025,18-25,1,14,Tuesday
237,2025-04-01,CUST168,Female,64,Beauty,2,500.0,1000.0,April,4,2025,46+,1,14,Tuesday
238,2025-04-02,CUST169,Male,40,Beauty,1,500.0,500.0,April,4,2025,36-45,2,14,Wednesday
239,2025-04-02,CUST170,Male,63,Electronics,3,500.0,1500.0,April,4,2025,46+,2,14,Wednesday
240,2025-04-02,CUST171,Female,60,Beauty,1,300.0,300.0,April,4,2025,46+,2,14,Wednesday
241,2025-04-02,CUST172,Male,64,Electronics,3,25.0,75.0,April,4,2025,46+,2,14,Wednesday
242,2025-04-04,CUST173,Male,62,Clothing,1,25.0,25.0,April,4,2025,46+,4,14,Friday
243,2025-04-04,CUST174,Male,35,Electronics,3,300.0,900.0,April,4,2025,26-35,4,14,Friday
244,2025-04-04,CUST175,Male,55,Beauty,2,50.0,100.0,April,4,2025,46+,4,14,Friday
245,2025-04-05,CUST176,Male,52,Clothing,3,30.0,90.0,April,4,2025,46+,5,14,Saturday
246,2025-04-05,CUST177,Female,32,Electronics,2,25.0,50.0,April,4,2025,26-35,5,14,Saturday
247,2025-04-06,CUST178,Female,42,Electronics,2,30.0,60.0,April,4,2025,36-45,6,14,Sunday
248,2025-04-08,CUST179,Female,54,Clothing,3,300.0,900.0,April,4,2025,46+,8,15,Tuesday
249,2025-04-08,CUST180,Male,45,Clothing,1,50.0,50.0,April,4,2025,36-45,8,15,Tuesday
250,2025-04-08,CUST181,Male,27,Electronics,1,50.0,50.0,April,4,2025,26-35,8,15,Tuesday
251,2025-04-08,CUST015,Male,56,Beauty,4,50.0,200.0,April,4,2025,46+,8,15,Tuesday
252,2025-04-08,CUST182,Female,34,Electronics,1,300.0,300.0,April,4,2025,26-35,8,15,Tuesday
253,2025-04-09,CUST109,Male,56,Clothing,4,500.0,2000.0,April,4,2025,46+,9,15,Wednesday
254,2025-04-09,CUST026,Male,39,Electronics,1,500.0,500.0,April,4,2025,36-45,9,15,Wednesday
255,2025-04-09,CUST183,Female,43,Clothing,1,30.0,30.0,April,4,2025,36-45,9,15,Wednesday
256,2025-04-09,CUST184,Male,61,Clothing,2,500.0,1000.0,April,4,2025,46+,9,15,Wednesday
257,2025-04-09,CUST013,Female,42,Beauty,4,500.0,2000.0,April,4,2025,36-45,9,15,Wednesday
258,2025-04-09,CUST185,Female,34,Clothing,6,50.0,300.0,April,4,2025,26-35,9,15,Wednesday
259,2025-04-10,CUST049,Female,30,Clothing,4,50.0,200.0,April,4,2025,26-35,10,15,Thursday
260,2025-04-10,CUST186,Male,37,Beauty,2,30.0,60.0,April,4,2025,36-45,10,15,Thursday
261,2025-04-11,CUST026,Male,42,Clothing,2,25.0,50.0,April,4,2025,36-45,11,15,Friday
262,2025-04-12,CUST187,Male,21,Beauty,4,30.0,120.0,April,4,2025,18-25,12,15,Saturday
263,2025-04-12,CUST029,Male,27,Beauty,2,30.0,60.0,April,4,2025,26-35,12,15,Saturday
264,2025-04-12,CUST188,Male,20,Clothing,3,300.0,900.0,April,4,2025,18-25,12,15,Saturday
265,2025-04-12,CUST031,Male,58,Clothing,3,300.0,900.0,April,4,2025,46+,12,15,Saturday
266,2025-04-12,CUST189,Male,62,Electronics,2,30.0,60.0,April,4,2025,46+,12,15,Saturday
267,2025-04-13,CUST033,Female,35,Beauty,3,30.0,90.0,April,4,2025,26-35,13,15,Sunday
268,2025-04-13,CUST190,Male,64,Electronics,1,30.0,30.0,April,4,2025,46+,13,15,Sunday
269,2025-04-13,CUST063,Female,53,Clothing,4,500.0,2000.0,April,4,2025,46+,13,15,Sunday
270,2025-04-15,CUST191,Male,64,Electronics,1,300.0,300.0,April,4,2025,46+,15,16,Tuesday
271,2025-04-15,CUST033,Male,39,Beauty,4,30.0,120.0,April,4,2025,36-45,15,16,Tuesday
272,2025-04-16,CUST192,Male,51,Electronics,2,50.0,100.0,April,4,2025,46+,16,16,Wednesday
273,2025-04-17,CUST018,Female,64,Beauty,1,50.0,50.0,April,4,2025,46+,17,16,Thursday
274,2025-04-18,CUST193,Female,25,Clothing,2,500.0,1000.0,April,4,2025,18-25,18,16,Friday
275,2025-04-18,CUST194,Female,57,Clothing,2,500.0,1000.0,April,4,2025,46+,18,16,Friday
276,2025-04-18,CUST195,Female,61,Beauty,4,25.0,100.0,April,4,2025,46+,18,16,Friday
277,2025-04-18,CUST196,Male,36,Clothing,4,25.0,100.0,April,4,2025,36-45,18,16,Friday
278,2025-04-19,CUST197,Female,59,Clothing,4,25.0,100.0,April,4,2025,46+,19,16,Saturday
279,2025-04-19,CUST076,Male,58,Clothing,1,500.0,500.0,April,4,2025,46+,19,16,Saturday
280,2025-04-19,CUST198,Male,54,Clothing,3,500.0,1500.0,April,4,2025,46+,19,16,Saturday
281,2025-04-19,CUST139,Female,23,Beauty,4,500.0,2000.0,April,4,2025,18-25,19,16,Saturday
282,2025-04-19,CUST199,Female,43,Electronics,4,50.0,200.0,April,4,2025,36-45,19,16,Saturday
283,2025-04-19,CUST200,Female,51,Electronics,1,500.0,500.0,April,4,2025,46+,19,16,Saturday
284,2025-04-20,CUST013,Female,62,Clothing,4,50.0,200.0,April,4,2025,46+,20,16,Sunday
285,2025-04-20,CUST201,Female,23,Electronics,1,25.0,25.0,April,4,2025,18-25,20,16,Sunday
286,2025-04-20,CUST113,Female,54,Electronics,2,25.0,50.0,April,4,2025,46+,20,16,Sunday
287,2025-04-20,CUST202,Female,50,Clothing,4,25.0,100.0,April,4,2025,46+,20,16,Sunday
288,2025-04-20,CUST205,Female,39,Clothing,4,30.0,120.0,April,4,2025,36-45,20,16,Sunday
289,2025-04-21,CUST203,Male,38,Electronics,2,30.0,60.0,April,4,2025,36-45,21,17,Monday
290,2025-04-21,CUST204,Female,23,Beauty,2,300.0,600.0,April,4,2025,18-25,21,17,Monday
291,2025-04-22,CUST205,Female,23,Clothing,2,300.0,600.0,April,4,2025,18-25,22,17,Tuesday
292,2025-04-22,CUST206,Male,21,Beauty,4,300.0,1200.0,April,4,2025,18-25,22,17,Tuesday
293,2025-04-22,CUST207,Female,47,Electronics,3,30.0,90.0,April,4,2025,46+,22,17,Tuesday
294,2025-04-23,CUST208,Male,28,Clothing,3,30.0,90.0,April,4,2025,26-35,23,17,Wednesday
295,2025-04-23,CUST209,Male,47,Beauty,3,300.0,900.0,April,4,2025,46+,23,17,Wednesday
296,2025-04-23,CUST210,Female,48,Clothing,4,300.0,1200.0,April,4,2025,46+,23,17,Wednesday
297,2025-04-23,CUST211,Male,41,Electronics,2,500.0,1000.0,April,4,2025,36-45,23,17,Wednesday
298,2025-04-23,CUST029,Male,26,Beauty,4,300.0,1200.0,April,4,2025,26-35,23,17,Wednesday
299,2025-04-23,CUST212,Male,20,Electronics,2,500.0,1000.0,April,4,2025,18-25,23,17,Wednesday
300,2025-04-23,CUST114,Male,48,Electronics,4,50.0,200.0,April,4,2025,46+,23,17,Wednesday
301,2025-04-24,CUST213,Female,57,Clothing,4,30.0,120.0,April,4,2025,46+,24,17,Thursday
302,2025-04-24,CUST212,Male,54,Beauty,2,300.0,600.0,April,4,2025,46+,24,17,Thursday
303,2025-04-25,CUST214,Female,53,Electronics,3,30.0,90.0,April,4,2025,46+,25,17,Friday
304,2025-04-25,CUST215,Male,41,Electronics,2,30.0,60.0,April,4,2025,36-45,25,17,Friday
305,2025-04-25,CUST216,Male,48,Beauty,1,30.0,30.0,April,4,2025,46+,25,17,Friday
306,2025-04-26,CUST217,Male,23,Electronics,1,50.0,50.0,April,4,2025,18-25,26,17,Saturday
307,2025-04-26,CUST218,Male,19,Electronics,2,25.0,50.0,April,4,2025,18-25,26,17,Saturday
308,2025-04-26,CUST219,Female,37,Beauty,4,300.0,1200.0,April,4,2025,36-45,26,17,Saturday
309,2025-04-27,CUST220,Female,45,Beauty,1,25.0,25.0,April,4,2025,36-45,27,17,Sunday
310,2025-04-27,CUST221,Male,28,Beauty,1,25.0,25.0,April,4,2025,26-35,27,17,Sunday
311,2025-04-27,CUST018,Male,21,Beauty,4,25.0,100.0,April,4,2025,18-25,27,17,Sunday
312,2025-04-28,CUST222,Female,32,Clothing,4,30.0,120.0,April,4,2025,26-35,28,18,Monday
313,2025-04-28,CUST111,Male,23,Beauty,3,500.0,1500.0,April,4,2025,18-25,28,18,Monday
314,2025-04-28,CUST223,Male,47,Clothing,4,30.0,120.0,April,4,2025,46+,28,18,Monday
315,2025-04-29,CUST113,Male,55,Clothing,2,30.0,60.0,April,4,2025,46+,29,18,Tuesday
316,2025-04-29,CUST224,Female,19,Clothing,2,25.0,50.0,April,4,2025,18-25,29,18,Tuesday
317,2025-04-29,CUST108,Female,32,Electronics,3,30.0,90.0,April,4,2025,26-35,29,18,Tuesday
318,2025-04-30,CUST225,Female,28,Clothing,1,25.0,25.0,April,4,2025,26-35,30,18,Wednesday
319,2025-04-30,CUST213,Male,25,Clothing,1,500.0,500.0,April,4,2025,18-25,30,18,Wednesday
320,2025-04-30,CUST226,Male,43,Electronics,4,300.0,1200.0,April,4,2025,36-45,30,18,Wednesday
321,2025-05-01,CUST227,Female,62,Electronics,2,25.0,50.0,May,5,2025,46+,1,18,Thursday
322,2025-05-01,CUST228,Female,61,Electronics,1,500.0,500.0,May,5,2025,46+,1,18,Thursday
323,2025-05-01,CUST229,Female,22,Beauty,3,300.0,900.0,May,5,2025,18-25,1,18,Thursday
324,2025-05-02,CUST230,Female,23,Electronics,3,50.0,150.0,May,5,2025,18-25,2,18,Friday
325,2025-05-02,CUST231,Male,43,Electronics,2,25.0,50.0,May,5,2025,36-45,2,18,Friday
326,2025-05-02,CUST232,Female,21,Clothing,3,25.0,75.0,May,5,2025,18-25,2,18,Friday
327,2025-05-03,CUST233,Male,36,Electronics,3,50.0,150.0,May,5,2025,36-45,3,18,Saturday
328,2025-05-03,CUST234,Female,37,Beauty,2,50.0,100.0,May,5,2025,36-45,3,18,Saturday
329,2025-05-03,CUST235,Male,50,Electronics,4,25.0,100.0,May,5,2025,46+,3,18,Saturday
330,2025-05-03,CUST236,Female,37,Beauty,4,50.0,200.0,May,5,2025,36-45,3,18,Saturday
331,2025-05-03,CUST237,Female,29,Electronics,3,30.0,90.0,May,5,2025,26-35,3,18,Saturday
332,2025-05-04,CUST238,Female,64,Electronics,4,300.0,1200.0,May,5,2025,46+,4,18,Sunday
333,2025-05-04,CUST239,Female,18,Electronics,4,300.0,1200.0,May,5,2025,18-25,4,18,Sunday
334,2025-05-04,CUST240,Male,43,Electronics,3,300.0,900.0,May,5,2025,36-45,4,18,Sunday
335,2025-05-05,CUST241,Female,31,Beauty,4,30.0,120.0,May,5,2025,26-35,5,19,Monday
336,2025-05-05,CUST242,Male,55,Beauty,3,50.0,150.0,May,5,2025,46+,5,19,Monday
337,2025-05-05,CUST243,Male,54,Clothing,1,500.0,500.0,May,5,2025,46+,5,19,Monday
338,2025-05-05,CUST244,Male,28,Beauty,2,50.0,100.0,May,5,2025,26-35,5,19,Monday
339,2025-05-05,CUST245,Male,53,Electronics,2,25.0,50.0,May,5,2025,46+,5,19,Monday
340,2025-05-06,CUST114,Female,30,Clothing,4,300.0,1200.0,May,5,2025,26-35,6,19,Tuesday
341,2025-05-06,CUST246,Male,60,Clothing,4,50.0,200.0,May,5,2025,46+,6,19,Tuesday
342,2025-05-06,CUST108,Male,20,Clothing,4,500.0,2000.0,May,5,2025,18-25,6,19,Tuesday
343,2025-05-06,CUST247,Male,50,Electronics,2,25.0,50.0,May,5,2025,46+,6,19,Tuesday
344,2025-05-06,CUST066,Female,23,Beauty,1,30.0,30.0,May,5,2025,18-25,6,19,Tuesday
345,2025-05-07,CUST248,Female,27,Electronics,1,30.0,30.0,May,5,2025,26-35,7,19,Wednesday
346,2025-05-07,CUST136,Female,22,Clothing,2,500.0,1000.0,May,5,2025,18-25,7,19,Wednesday
347,2025-05-07,CUST249,Female,40,Electronics,1,25.0,25.0,May,5,2025,36-45,7,19,Wednesday
348,2025-05-07,CUST185,Male,27,Electronics,2,300.0,600.0,May,5,2025,26-35,7,19,Wednesday
349,2025-05-07,CUST150,Male,61,Beauty,1,50.0,50.0,May,5,2025,46+,7,19,Wednesday
350,2025-05-08,CUST003,Female,19,Beauty,3,25.0,75.0,May,5,2025,18-25,8,19,Thursday
351,2025-05-08,CUST251,Male,30,Clothing,3,30.0,90.0,May,5,2025,26-35,8,19,Thursday
352,2025-05-08,CUST113,Male,57,Electronics,2,500.0,1000.0,May,5,2025,46+,8,19,Thursday
353,2025-05-08,CUST152,Male,19,Electronics,1,500.0,500.0,May,5,2025,18-25,8,19,Thursday
354,2025-05-08,CUST253,Female,37,Beauty,4,50.0,200.0,May,5,2025,36-45,8,19,Thursday
355,2025-05-08,CUST049,Female,18,Electronics,1,500.0,500.0,May,5,2025,18-25,8,19,Thursday
356,2025-05-09,CUST254,Male,54,Electronics,3,500.0,1500.0,May,5,2025,46+,9,19,Friday
357,2025-05-09,CUST255,Female,26,Electronics,3,25.0,75.0,May,5,2025,26-35,9,19,Friday
358,2025-05-09,CUST256,Female,34,Beauty,1,300.0,300.0,May,5,2025,26-35,9,19,Friday
359,2025-05-10,CUST257,Female,26,Clothing,1,50.0,50.0,May,5,2025,26-35,10,19,Saturday
360,2025-05-10,CUST258,Female,28,Clothing,4,25.0,100.0,May,5,2025,26-35,10,19,Saturday
361,2025-05-11,CUST259,Female,32,Electronics,4,300.0,1200.0,May,5,2025,26-35,11,19,Sunday
362,2025-05-12,CUST260,Male,41,Clothing,1,25.0,25.0,May,5,2025,36-45,12,20,Monday
363,2025-05-13,CUST261,Female,55,Beauty,7,25.0,175.0,May,5,2025,46+,13,20,Tuesday
364,2025-05-13,CUST262,Male,52,Beauty,1,500.0,500.0,May,5,2025,46+,13,20,Tuesday
365,2025-05-14,CUST263,Male,47,Clothing,1,300.0,300.0,May,5,2025,46+,14,20,Wednesday
366,2025-05-14,CUST264,Female,48,Clothing,2,50.0,100.0,May,5,2025,46+,14,20,Wednesday
367,2025-05-14,CUST113,Male,28,Electronics,1,50.0,50.0,May,5,2025,26-35,14,20,Wednesday
368,2025-05-15,CUST265,Female,32,Clothing,4,300.0,1200.0,May,5,2025,26-35,15,20,Thursday
369,2025-05-15,CUST114,Male,23,Electronics,1,500.0,500.0,May,5,2025,18-25,15,20,Thursday
370,2025-05-15,CUST266,Female,32,Electronics,2,30.0,60.0,May,5,2025,26-35,15,20,Thursday
371,2025-05-16,CUST049,Female,62,Beauty,1,25.0,25.0,May,5,2025,46+,16,20,Friday
372,2025-05-16,CUST267,Female,22,Beauty,3,500.0,1500.0,May,5,2025,18-25,16,20,Friday
373,2025-05-16,CUST118,Female,21,Beauty,2,300.0,600.0,May,5,2025,18-25,16,20,Friday
374,2025-05-16,CUST268,Female,29,Beauty,3,25.0,75.0,May,5,2025,26-35,16,20,Friday
375,2025-05-16,CUST063,Female,30,Clothing,1,50.0,50.0,May,5,2025,26-35,16,20,Friday
376,2025-05-16,CUST269,Male,20,Beauty,1,30.0,30.0,May,5,2025,18-25,16,20,Friday
377,2025-05-16,CUST141,Female,27,Clothing,4,50.0,200.0,May,5,2025,26-35,16,20,Friday
378,2025-05-16,CUST270,Male,27,Beauty,1,300.0,300.0,May,5,2025,26-35,16,20,Friday
379,2025-05-16,CUST142,Male,57,Clothing,1,25.0,25.0,May,5,2025,46+,16,20,Friday
380,2025-05-16,CUST271,Female,18,Electronics,2,300.0,600.0,May,5,2025,18-25,16,20,Friday
381,2025-05-16,CUST144,Female,34,Clothing,4,25.0,100.0,May,5,2025,26-35,16,20,Friday
382,2025-05-17,CUST272,Female,26,Clothing,2,500.0,1000.0,May,5,2025,26-35,17,20,Saturday
383,2025-05-17,CUST147,Female,28,Beauty,3,30.0,90.0,May,5,2025,26-35,17,20,Saturday
384,2025-05-17,CUST273,Female,32,Clothing,5,500.0,2500.0,May,5,2025,26-35,17,20,Saturday
385,2025-05-18,CUST150,Female,55,Electronics,3,500.0,1500.0,May,5,2025,46+,18,20,Sunday
386,2025-05-18,CUST274,Female,29,Electronics,2,300.0,600.0,May,5,2025,26-35,18,20,Sunday
387,2025-05-19,CUST275,Male,39,Beauty,1,30.0,30.0,May,5,2025,36-45,19,21,Monday
388,2025-05-19,CUST276,Female,25,Electronics,1,25.0,25.0,May,5,2025,18-25,19,21,Monday
389,2025-05-19,CUST277,Female,47,Clothing,2,25.0,50.0,May,5,2025,46+,19,21,Monday
390,2025-05-20,CUST278,Female,52,Electronics,2,50.0,100.0,May,5,2025,46+,20,21,Tuesday
391,2025-05-20,CUST279,Male,54,Beauty,2,25.0,50.0,May,5,2025,46+,20,21,Tuesday
392,2025-05-20,CUST280,Female,42,Clothing,2,300.0,600.0,May,5,2025,36-45,20,21,Tuesday
393,2025-05-21,CUST281,Female,57,Beauty,2,500.0,1000.0,May,5,2025,46+,21,21,Wednesday
394,2025-05-21,CUST282,Male,25,Clothing,1,500.0,500.0,May,5,2025,18-25,21,21,Wednesday
395,2025-05-21,CUST283,Female,49,Electronics,2,500.0,1000.0,May,5,2025,46+,21,21,Wednesday
396,2025-05-22,CUST284,Female,32,Beauty,1,30.0,30.0,May,5,2025,26-35,22,21,Thursday
397,2025-05-22,CUST063,Male,64,Beauty,1,25.0,25.0,May,5,2025,46+,22,21,Thursday
398,2025-05-22,CUST285,Female,19,Clothing,2,300.0,600.0,May,5,2025,18-25,22,21,Thursday
399,2025-05-22,CUST183,Female,20,Beauty,2,30.0,60.0,May,5,2025,18-25,22,21,Thursday
400,2025-05-23,CUST286,Female,24,Clothing,4,50.0,200.0,May,5,2025,18-25,23,21,Friday
401,2025-05-23,CUST279,Female,25,Clothing,1,300.0,300.0,May,5,2025,18-25,23,21,Friday
402,2025-05-23,CUST287,Female,59,Clothing,2,300.0,600.0,May,5,2025,46+,23,21,Friday
403,2025-05-23,CUST288,Female,64,Clothing,2,300.0,600.0,May,5,2025,46+,23,21,Friday
404,2025-05-23,CUST003,Male,50,Electronics,2,500.0,1000.0,May,5,2025,46+,23,21,Friday
405,2025-05-23,CUST289,Female,46,Clothing,4,300.0,1200.0,May,5,2025,46+,23,21,Friday
406,2025-05-23,CUST076,Male,44,Beauty,4,25.0,100.0,May,5,2025,36-45,23,21,Friday
407,2025-05-23,CUST290,Male,19,Electronics,3,300.0,900.0,May,5,2025,18-25,23,21,Friday
408,2025-05-23,CUST139,Female,22,Beauty,1,500.0,500.0,May,5,2025,18-25,23,21,Friday
409,2025-05-24,CUST291,Female,55,Electronics,3,300.0,900.0,May,5,2025,46+,24,21,Saturday
410,2025-05-25,CUST258,Female,30,Clothing,2,50.0,100.0,May,5,2025,26-35,25,21,Sunday
411,2025-05-25,CUST292,Female,64,Electronics,4,50.0,200.0,May,5,2025,46+,25,21,Sunday
412,2025-05-25,CUST293,Female,22,Electronics,4,500.0,2000.0,May,5,2025,18-25,25,21,Sunday
413,2025-05-26,CUST294,Female,64,Beauty,3,25.0,75.0,May,5,2025,46+,26,22,Monday
414,2025-05-26,CUST295,Female,44,Beauty,4,25.0,100.0,May,5,2025,36-45,26,22,Monday
415,2025-05-26,CUST296,Male,48,Clothing,2,30.0,60.0,May,5,2025,46+,26,22,Monday
416,2025-05-27,CUST297,Male,22,Electronics,4,500.0,2000.0,May,5,2025,18-25,27,22,Tuesday
417,2025-05-27,CUST298,Male,61,Electronics,3,300.0,900.0,May,5,2025,46+,27,22,Tuesday
418,2025-05-27,CUST299,Male,31,Electronics,2,500.0,1000.0,May,5,2025,26-35,27,22,Tuesday
419,2025-05-28,CUST300,Female,28,Clothing,3,30.0,90.0,May,5,2025,26-35,28,22,Wednesday
420,2025-05-29,CUST301,Female,26,Clothing,4,500.0,2000.0,May,5,2025,26-35,29,22,Thursday
421,2025-05-30,CUST302,Male,51,Clothing,3,500.0,1500.0,May,5,2025,46+,30,22,Friday
422,2025-05-30,CUST303,Female,29,Clothing,3,30.0,90.0,May,5,2025,26-35,30,22,Friday
423,2025-05-31,CUST304,Female,52,Clothing,1,25.0,25.0,May,5,2025,46+,31,22,Saturday
424,2025-05-31,CUST182,Female,52,Beauty,4,300.0,1200.0,May,5,2025,46+,31,22,Saturday
425,2025-05-31,CUST305,Female,18,Electronics,4,30.0,120.0,May,5,2025,18-25,31,22,Saturday
426,2025-06-01,CUST285,Male,57,Electronics,3,50.0,150.0,June,6,2025,46+,1,22,Sunday
427,2025-06-01,CUST306,Male,39,Electronics,1,25.0,25.0,June,6,2025,36-45,1,22,Sunday
428,2025-06-01,CUST307,Female,46,Electronics,4,50.0,200.0,June,6,2025,46+,1,22,Sunday
429,2025-06-02,CUST186,Female,25,Electronics,2,25.0,50.0,June,6,2025,18-25,2,23,Monday
430,2025-06-02,CUST308,Male,28,Electronics,3,300.0,900.0,June,6,2025,26-35,2,23,Monday
431,2025-06-02,CUST290,Male,58,Electronics,4,300.0,1200.0,June,6,2025,46+,2,23,Monday
432,2025-06-03,CUST309,Female,54,Electronics,2,500.0,1000.0,June,6,2025,46+,3,23,Tuesday
433,2025-06-03,CUST310,Male,31,Beauty,4,50.0,200.0,June,6,2025,26-35,3,23,Tuesday
434,2025-06-03,CUST105,Female,47,Electronics,2,25.0,50.0,June,6,2025,46+,3,23,Tuesday
435,2025-06-04,CUST311,Female,52,Beauty,3,300.0,900.0,June,6,2025,46+,4,23,Wednesday
436,2025-06-04,CUST204,Male,38,Clothing,4,30.0,120.0,June,6,2025,36-45,4,23,Wednesday
437,2025-06-04,CUST312,Male,54,Electronics,4,300.0,1200.0,June,6,2025,46+,4,23,Wednesday
438,2025-06-04,CUST304,Female,22,Clothing,1,30.0,30.0,June,6,2025,18-25,4,23,Wednesday
439,2025-06-05,CUST313,Female,36,Clothing,3,25.0,75.0,June,6,2025,36-45,5,23,Thursday
440,2025-06-05,CUST314,Male,31,Clothing,2,300.0,600.0,June,6,2025,26-35,5,23,Thursday
441,2025-06-06,CUST315,Female,43,Beauty,4,300.0,1200.0,June,6,2025,36-45,6,23,Friday
442,2025-06-06,CUST316,Male,21,Clothing,4,25.0,100.0,June,6,2025,18-25,6,23,Friday
443,2025-06-06,CUST317,Female,42,Clothing,2,300.0,600.0,June,6,2025,36-45,6,23,Friday
444,2025-06-06,CUST318,Male,62,Clothing,3,30.0,90.0,June,6,2025,46+,6,23,Friday
445,2025-06-07,CUST319,Male,59,Electronics,1,300.0,300.0,June,6,2025,46+,7,23,Saturday
446,2025-06-07,CUST320,Male,42,Electronics,1,50.0,50.0,June,6,2025,36-45,7,23,Saturday
447,2025-06-08,CUST321,Female,35,Beauty,1,500.0,500.0,June,6,2025,26-35,8,23,Sunday
448,2025-06-08,CUST322,Female,57,Beauty,2,30.0,60.0,June,6,2025,46+,8,23,Sunday
449,2025-06-09,CUST323,Male,25,Electronics,4,50.0,200.0,June,6,2025,18-25,9,24,Monday
450,2025-06-09,CUST324,Female,56,Beauty,2,25.0,50.0,June,6,2025,46+,9,24,Monday
451,2025-06-09,CUST325,Male,57,Electronics,1,30.0,30.0,June,6,2025,46+,9,24,Monday
452,2025-06-10,CUST326,Male,31,Clothing,3,500.0,1500.0,June,6,2025,26-35,10,24,Tuesday
453,2025-06-10,CUST073,Female,49,Clothing,2,500.0,1000.0,June,6,2025,46+,10,24,Tuesday
454,2025-06-10,CUST327,Female,55,Beauty,1,25.0,25.0,June,6,2025,46+,10,24,Tuesday
455,2025-06-10,CUST137,Male,50,Electronics,4,25.0,100.0,June,6,2025,46+,10,24,Tuesday
456,2025-06-11,CUST328,Female,40,Electronics,2,30.0,60.0,June,6,2025,36-45,11,24,Wednesday
457,2025-06-11,CUST257,Female,32,Beauty,3,300.0,900.0,June,6,2025,26-35,11,24,Wednesday
458,2025-06-11,CUST329,Male,50,Electronics,4,25.0,100.0,June,6,2025,46+,11,24,Wednesday
459,2025-06-11,CUST076,Male,42,Clothing,4,300.0,1200.0,June,6,2025,36-45,11,24,Wednesday
460,2025-06-11,CUST330,Female,34,Beauty,1,50.0,50.0,June,6,2025,26-35,11,24,Wednesday
461,2025-06-12,CUST331,Male,50,Beauty,2,500.0,1000.0,June,6,2025,46+,12,24,Thursday
462,2025-06-13,CUST139,Male,64,Electronics,4,300.0,1200.0,June,6,2025,46+,13,24,Friday
463,2025-06-14,CUST332,Female,19,Beauty,3,500.0,1500.0,June,6,2025,18-25,14,24,Saturday
464,2025-06-15,CUST258,Male,31,Electronics,2,300.0,600.0,June,6,2025,26-35,15,24,Sunday
465,2025-06-15,CUST333,Male,57,Electronics,3,50.0,150.0,June,6,2025,46+,15,24,Sunday
466,2025-06-16,CUST334,Female,57,Electronics,4,25.0,100.0,June,6,2025,46+,16,25,Monday
467,2025-06-16,CUST335,Female,56,Electronics,3,50.0,150.0,June,6,2025,46+,16,25,Monday
468,2025-06-17,CUST336,Male,23,Electronics,1,25.0,25.0,June,6,2025,18-25,17,25,Tuesday
469,2025-06-17,CUST337,Male,23,Beauty,3,25.0,75.0,June,6,2025,18-25,17,25,Tuesday
470,2025-06-17,CUST338,Female,20,Clothing,2,500.0,1000.0,June,6,2025,18-25,17,25,Tuesday
471,2025-06-18,CUST339,Female,24,Clothing,3,50.0,150.0,June,6,2025,18-25,18,25,Wednesday
472,2025-06-19,CUST340,Female,25,Beauty,3,300.0,900.0,June,6,2025,18-25,19,25,Thursday
473,2025-06-19,CUST341,Female,59,Beauty,1,50.0,50.0,June,6,2025,46+,19,25,Thursday
474,2025-06-19,CUST342,Male,32,Clothing,3,500.0,1500.0,June,6,2025,26-35,19,25,Thursday
475,2025-06-19,CUST343,Female,64,Clothing,3,25.0,75.0,June,6,2025,46+,19,25,Thursday
476,2025-06-19,CUST344,Female,46,Clothing,4,500.0,2000.0,June,6,2025,46+,19,25,Thursday
477,2025-06-20,CUST345,Male,50,Clothing,4,30.0,120.0,June,6,2025,46+,20,25,Friday
478,2025-06-20,CUST346,Female,47,Clothing,6,30.0,180.0,June,6,2025,46+,20,25,Friday
479,2025-06-21,CUST347,Male,56,Electronics,4,300.0,1200.0,June,6,2025,46+,21,25,Saturday
480,2025-06-21,CUST348,Female,44,Beauty,4,500.0,2000.0,June,6,2025,36-45,21,25,Saturday
481,2025-06-22,CUST349,Female,53,Electronics,4,300.0,1200.0,June,6,2025,46+,22,25,Sunday
482,2025-06-22,CUST350,Female,46,Clothing,4,300.0,1200.0,June,6,2025,46+,22,25,Sunday
483,2025-06-22,CUST351,Male,55,Clothing,1,30.0,30.0,June,6,2025,46+,22,25,Sunday
484,2025-06-22,CUST076,Male,50,Clothing,4,300.0,1200.0,June,6,2025,46+,22,25,Sunday
485,2025-06-23,CUST352,Female,54,Electronics,1,30.0,30.0,June,6,2025,46+,23,26,Monday
486,2025-06-23,CUST139,Male,44,Electronics,1,25.0,25.0,June,6,2025,36-45,23,26,Monday
487,2025-06-24,CUST353,Male,50,Clothing,4,500.0,2000.0,June,6,2025,46+,24,26,Tuesday
488,2025-06-24,CUST258,Male,21,Electronics,3,300.0,900.0,June,6,2025,18-25,24,26,Tuesday
489,2025-06-24,CUST354,Male,39,Electronics,1,30.0,30.0,June,6,2025,36-45,24,26,Tuesday
490,2025-06-24,CUST013,Male,19,Clothing,3,50.0,150.0,June,6,2025,18-25,24,26,Tuesday
491,2025-06-24,CUST355,Male,27,Electronics,3,300.0,900.0,June,6,2025,26-35,24,26,Tuesday
492,2025-06-25,CUST113,Female,22,Beauty,4,25.0,100.0,June,6,2025,18-25,25,26,Wednesday
493,2025-06-26,CUST356,Female,27,Beauty,2,25.0,50.0,June,6,2025,26-35,26,26,Thursday
494,2025-06-26,CUST205,Male,50,Beauty,4,50.0,200.0,June,6,2025,46+,26,26,Thursday
495,2025-06-26,CUST357,Female,55,Beauty,2,30.0,60.0,June,6,2025,46+,26,26,Thursday
496,2025-06-27,CUST305,Female,30,Clothing,2,300.0,600.0,June,6,2025,26-35,27,26,Friday
497,2025-06-28,CUST358,Female,48,Clothing,4,30.0,120.0,June,6,2025,46+,28,26,Saturday
498,2025-06-29,CUST029,Female,64,Clothing,4,25.0,100.0,June,6,2025,46+,29,26,Sunday
499,2025-06-29,CUST359,Male,53,Beauty,2,30.0,60.0,June,6,2025,46+,29,26,Sunday
500,2025-06-29,CUST114,Female,62,Beauty,4,25.0,100.0,June,6,2025,46+,29,26,Sunday
501,2025-06-30,CUST360,Female,41,Electronics,2,30.0,60.0,June,6,2025,36-45,30,27,Monday
502,2025-06-30,CUST212,Male,32,Electronics,3,50.0,150.0,June,6,2025,26-35,30,27,Monday
503,2025-07-01,CUST361,Male,46,Beauty,4,500.0,2000.0,July,7,2025,46+,1,27,Tuesday
504,2025-07-01,CUST309,Female,25,Beauty,3,50.0,150.0,July,7,2025,18-25,1,27,Tuesday
505,2025-07-01,CUST362,Female,22,Beauty,1,50.0,50.0,July,7,2025,18-25,1,27,Tuesday
506,2025-07-01,CUST363,Female,46,Beauty,5,500.0,2500.0,July,7,2025,46+,1,27,Tuesday
507,2025-07-03,CUST364,Female,64,Electronics,3,500.0,1500.0,July,7,2025,46+,3,27,Thursday
508,2025-07-03,CUST365,Female,21,Beauty,2,300.0,600.0,July,7,2025,18-25,3,27,Thursday
509,2025-07-04,CUST366,Female,29,Electronics,3,300.0,900.0,July,7,2025,26-35,4,27,Friday
510,2025-07-05,CUST367,Male,62,Beauty,4,50.0,200.0,July,7,2025,46+,5,27,Saturday
511,2025-07-05,CUST368,Female,19,Beauty,2,50.0,100.0,July,7,2025,18-25,5,27,Saturday
512,2025-07-05,CUST369,Female,25,Beauty,1,25.0,25.0,July,7,2025,18-25,5,27,Saturday
513,2025-07-05,CUST370,Male,49,Electronics,4,25.0,100.0,July,7,2025,46+,5,27,Saturday
514,2025-07-06,CUST371,Male,31,Electronics,1,300.0,300.0,July,7,2025,26-35,6,27,Sunday
515,2025-07-06,CUST372,Male,60,Clothing,3,300.0,900.0,July,7,2025,46+,6,27,Sunday
516,2025-07-06,CUST373,Female,54,Beauty,4,25.0,100.0,July,7,2025,46+,6,27,Sunday
517,2025-07-08,CUST374,Female,31,Clothing,4,25.0,100.0,July,7,2025,26-35,8,28,Tuesday
518,2025-07-08,CUST094,Male,35,Clothing,1,30.0,30.0,July,7,2025,26-35,8,28,Tuesday
519,2025-07-09,CUST375,Female,24,Electronics,4,30.0,120.0,July,7,2025,18-25,9,28,Wednesday
520,2025-07-09,CUST161,Male,36,Electronics,4,25.0,100.0,July,7,2025,36-45,9,28,Wednesday
521,2025-07-09,CUST376,Female,18,Clothing,4,30.0,120.0,July,7,2025,18-25,9,28,Wednesday
522,2025-07-09,CUST260,Male,19,Beauty,3,500.0,1500.0,July,7,2025,18-25,9,28,Wednesday
523,2025-07-11,CUST377,Female,40,Electronics,1,300.0,300.0,July,7,2025,36-45,11,28,Friday
524,2025-07-11,CUST307,Male,54,Beauty,4,300.0,1200.0,July,7,2025,46+,11,28,Friday
525,2025-07-12,CUST378,Female,47,Beauty,2,25.0,50.0,July,7,2025,46+,12,28,Saturday
526,2025-07-13,CUST213,Female,52,Clothing,2,50.0,100.0,July,7,2025,46+,13,28,Sunday
527,2025-07-14,CUST379,Female,61,Clothing,2,25.0,50.0,July,7,2025,46+,14,29,Monday
528,2025-07-14,CUST380,Male,41,Clothing,2,30.0,60.0,July,7,2025,36-45,14,29,Monday
529,2025-07-14,CUST381,Male,34,Clothing,3,50.0,150.0,July,7,2025,26-35,14,29,Monday
530,2025-07-14,CUST076,Male,31,Electronics,4,30.0,120.0,July,7,2025,26-35,14,29,Monday
531,2025-07-14,CUST382,Female,26,Electronics,1,500.0,500.0,July,7,2025,26-35,14,29,Monday
532,2025-07-14,CUST139,Male,57,Clothing,4,30.0,120.0,July,7,2025,46+,14,29,Monday
533,2025-07-14,CUST383,Male,42,Electronics,3,500.0,1500.0,July,7,2025,36-45,14,29,Monday
534,2025-07-14,CUST258,Male,43,Clothing,2,500.0,1000.0,July,7,2025,36-45,14,29,Monday
535,2025-07-14,CUST384,Female,54,Beauty,3,30.0,90.0,July,7,2025,46+,14,29,Monday
536,2025-07-14,CUST385,Male,38,Beauty,4,30.0,120.0,July,7,2025,36-45,14,29,Monday
537,2025-07-15,CUST386,Male,59,Beauty,1,500.0,500.0,July,7,2025,46+,15,29,Tuesday
538,2025-07-15,CUST387,Female,58,Clothing,3,50.0,150.0,July,7,2025,46+,15,29,Tuesday
539,2025-07-16,CUST388,Male,51,Beauty,6,500.0,3000.0,July,7,2025,46+,16,29,Wednesday
540,2025-07-16,CUST389,Male,54,Electronics,3,300.0,900.0,July,7,2025,46+,16,29,Wednesday
541,2025-07-17,CUST331,Male,42,Beauty,1,500.0,500.0,July,7,2025,36-45,17,29,Thursday
542,2025-07-17,CUST390,Female,55,Beauty,1,50.0,50.0,July,7,2025,46+,17,29,Thursday
543,2025-07-19,CUST292,Male,40,Beauty,2,300.0,600.0,July,7,2025,36-45,19,29,Saturday
544,2025-07-19,CUST391,Male,59,Electronics,1,25.0,25.0,July,7,2025,46+,19,29,Saturday
545,2025-07-19,CUST185,Female,44,Clothing,2,25.0,50.0,July,7,2025,36-45,19,29,Saturday
546,2025-07-19,CUST392,Male,23,Electronics,4,50.0,200.0,July,7,2025,18-25,19,29,Saturday
547,2025-07-21,CUST289,Female,44,Clothing,4,500.0,2000.0,July,7,2025,36-45,21,30,Monday
548,2025-07-22,CUST393,Male,57,Clothing,2,30.0,60.0,July,7,2025,46+,22,30,Tuesday
549,2025-07-22,CUST358,Female,43,Beauty,2,50.0,100.0,July,7,2025,36-45,22,30,Tuesday
550,2025-07-23,CUST394,Female,38,Clothing,3,300.0,900.0,July,7,2025,36-45,23,30,Wednesday
551,2025-07-24,CUST026,Female,45,Electronics,3,300.0,900.0,July,7,2025,36-45,24,30,Thursday
552,2025-07-24,CUST395,Female,53,Electronics,3,25.0,75.0,July,7,2025,46+,24,30,Thursday
553,2025-07-24,CUST113,Female,28,Clothing,4,300.0,1200.0,July,7,2025,26-35,24,30,Thursday
554,2025-07-24,CUST396,Male,56,Beauty,3,50.0,150.0,July,7,2025,46+,24,30,Thursday
555,2025-07-24,CUST211,Female,52,Beauty,1,300.0,300.0,July,7,2025,46+,24,30,Thursday
556,2025-07-25,CUST397,Female,51,Electronics,2,50.0,100.0,July,7,2025,46+,25,30,Friday
557,2025-07-25,CUST398,Female,64,Beauty,3,30.0,90.0,July,7,2025,46+,25,30,Friday
558,2025-07-25,CUST399,Female,50,Clothing,1,25.0,25.0,July,7,2025,46+,25,30,Friday
559,2025-07-26,CUST400,Male,53,Clothing,4,300.0,1200.0,July,7,2025,46+,26,30,Saturday
560,2025-07-26,CUST401,Female,37,Electronics,1,50.0,50.0,July,7,2025,36-45,26,30,Saturday
561,2025-07-26,CUST402,Female,60,Clothing,4,500.0,2000.0,July,7,2025,46+,26,30,Saturday
562,2025-07-27,CUST403,Female,44,Electronics,2,25.0,50.0,July,7,2025,36-45,27,30,Sunday
563,2025-07-27,CUST404,Male,48,Clothing,2,30.0,60.0,July,7,2025,46+,27,30,Sunday
564,2025-07-27,CUST405,Male,53,Electronics,2,50.0,100.0,July,7,2025,46+,27,30,Sunday
565,2025-07-28,CUST406,Male,53,Beauty,2,30.0,60.0,July,7,2025,46+,28,31,Monday
566,2025-07-28,CUST407,Male,43,Clothing,1,30.0,30.0,July,7,2025,36-45,28,31,Monday
567,2025-07-28,CUST408,Female,60,Clothing,3,300.0,900.0,July,7,2025,46+,28,31,Monday
568,2025-07-28,CUST409,Female,44,Electronics,1,300.0,300.0,July,7,2025,36-45,28,31,Monday
569,2025-07-28,CUST410,Female,22,Electronics,4,50.0,200.0,July,7,2025,18-25,28,31,Monday
570,2025-07-29,CUST411,Female,37,Clothing,1,500.0,500.0,July,7,2025,36-45,29,31,Tuesday
571,2025-07-29,CUST076,Female,28,Electronics,1,50.0,50.0,July,7,2025,26-35,29,31,Tuesday
572,2025-07-30,CUST412,Female,27,Clothing,4,500.0,2000.0,July,7,2025,26-35,30,31,Wednesday
573,2025-07-30,CUST139,Male,57,Beauty,2,30.0,60.0,July,7,2025,46+,30,31,Wednesday
574,2025-07-31,CUST413,Female,55,Electronics,2,25.0,50.0,July,7,2025,46+,31,31,Thursday
575,2025-08-01,CUST258,Male,23,Clothing,2,50.0,100.0,August,8,2025,18-25,1,31,Friday
576,2025-08-01,CUST414,Male,25,Beauty,3,50.0,150.0,August,8,2025,18-25,1,31,Friday
577,2025-08-01,CUST049,Female,40,Beauty,4,500.0,2000.0,August,8,2025,36-45,1,31,Friday
578,2025-08-02,CUST415,Male,64,Clothing,4,30.0,120.0,August,8,2025,46+,2,31,Saturday
579,2025-08-03,CUST108,Female,43,Electronics,1,30.0,30.0,August,8,2025,36-45,3,31,Sunday
580,2025-08-03,CUST416,Male,63,Clothing,3,500.0,1500.0,August,8,2025,46+,3,31,Sunday
581,2025-08-03,CUST310,Female,60,Beauty,2,30.0,60.0,August,8,2025,46+,3,31,Sunday
582,2025-08-04,CUST417,Male,29,Clothing,3,300.0,900.0,August,8,2025,26-35,4,32,Monday
583,2025-08-04,CUST414,Female,43,Electronics,4,25.0,100.0,August,8,2025,36-45,4,32,Monday
584,2025-08-04,CUST418,Female,30,Beauty,4,50.0,200.0,August,8,2025,26-35,4,32,Monday
585,2025-08-04,CUST419,Female,57,Clothing,1,25.0,25.0,August,8,2025,46+,4,32,Monday
586,2025-08-05,CUST420,Female,35,Electronics,1,50.0,50.0,August,8,2025,26-35,5,32,Tuesday
587,2025-08-05,CUST421,Female,42,Beauty,4,300.0,1200.0,August,8,2025,36-45,5,32,Tuesday
588,2025-08-05,CUST422,Male,50,Electronics,2,30.0,60.0,August,8,2025,46+,5,32,Tuesday
589,2025-08-05,CUST423,Male,64,Beauty,2,500.0,1000.0,August,8,2025,46+,5,32,Tuesday
590,2025-08-05,CUST424,Male,57,Clothing,3,300.0,900.0,August,8,2025,46+,5,32,Tuesday
591,2025-08-05,CUST425,Female,60,Electronics,4,25.0,100.0,August,8,2025,46+,5,32,Tuesday
592,2025-08-05,CUST426,Male,29,Beauty,4,500.0,2000.0,August,8,2025,26-35,5,32,Tuesday
593,2025-08-05,CUST427,Female,61,Electronics,2,30.0,60.0,August,8,2025,46+,5,32,Tuesday
594,2025-08-06,CUST428,Female,53,Electronics,2,300.0,600.0,August,8,2025,46+,6,32,Wednesday
595,2025-08-06,CUST429,Male,21,Clothing,4,500.0,2000.0,August,8,2025,18-25,6,32,Wednesday
596,2025-08-07,CUST430,Male,22,Electronics,1,300.0,300.0,August,8,2025,18-25,7,32,Thursday
597,2025-08-07,CUST431,Female,54,Beauty,4,300.0,1200.0,August,8,2025,46+,7,32,Thursday
598,2025-08-08,CUST432,Male,25,Beauty,4,30.0,120.0,August,8,2025,18-25,8,32,Friday
599,2025-08-08,CUST433,Female,59,Beauty,2,50.0,100.0,August,8,2025,46+,8,32,Friday
600,2025-08-08,CUST434,Female,45,Beauty,2,500.0,1000.0,August,8,2025,36-45,8,32,Friday
601,2025-08-08,CUST018,Female,48,Clothing,1,30.0,30.0,August,8,2025,46+,8,32,Friday
602,2025-08-09,CUST435,Female,26,Electronics,1,300.0,300.0,August,8,2025,26-35,9,32,Saturday
603,2025-08-09,CUST111,Female,46,Clothing,3,30.0,90.0,August,8,2025,46+,9,32,Saturday
604,2025-08-09,CUST436,Male,31,Electronics,4,50.0,200.0,August,8,2025,26-35,9,32,Saturday
605,2025-08-09,CUST113,Male,57,Electronics,2,500.0,1000.0,August,8,2025,46+,9,32,Saturday
606,2025-08-10,CUST437,Female,58,Electronics,1,50.0,50.0,August,8,2025,46+,10,32,Sunday
607,2025-08-11,CUST108,Female,39,Clothing,3,25.0,75.0,August,8,2025,36-45,11,33,Monday
608,2025-08-11,CUST438,Male,28,Electronics,3,500.0,1500.0,August,8,2025,26-35,11,33,Monday
609,2025-08-11,CUST213,Male,40,Clothing,2,50.0,100.0,August,8,2025,36-45,11,33,Monday
610,2025-08-12,CUST439,Female,18,Beauty,2,300.0,600.0,August,8,2025,18-25,12,33,Tuesday
611,2025-08-12,CUST411,Male,63,Beauty,3,500.0,1500.0,August,8,2025,46+,12,33,Tuesday
612,2025-08-12,CUST440,Female,54,Electronics,1,500.0,500.0,August,8,2025,46+,12,33,Tuesday
613,2025-08-12,CUST412,Male,38,Clothing,3,30.0,90.0,August,8,2025,36-45,12,33,Tuesday
614,2025-08-13,CUST441,Female,43,Beauty,4,300.0,1200.0,August,8,2025,36-45,13,33,Wednesday
615,2025-08-13,CUST442,Male,63,Clothing,4,25.0,100.0,August,8,2025,46+,13,33,Wednesday
616,2025-08-14,CUST443,Female,53,Clothing,2,50.0,100.0,August,8,2025,46+,14,33,Thursday
617,2025-08-14,CUST444,Male,40,Electronics,1,30.0,30.0,August,8,2025,36-45,14,33,Thursday
618,2025-08-15,CUST445,Male,18,Beauty,4,50.0,200.0,August,8,2025,18-25,15,33,Friday
619,2025-08-15,CUST446,Female,57,Electronics,4,25.0,100.0,August,8,2025,46+,15,33,Friday
620,2025-08-15,CUST447,Male,32,Electronics,3,25.0,75.0,August,8,2025,26-35,15,33,Friday
621,2025-08-15,CUST448,Female,38,Beauty,2,500.0,1000.0,August,8,2025,36-45,15,33,Friday
622,2025-08-15,CUST449,Male,64,Beauty,3,25.0,75.0,August,8,2025,46+,15,33,Friday
623,2025-08-15,CUST450,Female,26,Clothing,3,50.0,150.0,August,8,2025,26-35,15,33,Friday
624,2025-08-17,CUST451,Male,26,Beauty,3,300.0,900.0,August,8,2025,26-35,17,33,Sunday
625,2025-08-18,CUST139,Female,27,Clothing,1,300.0,300.0,August,8,2025,26-35,18,34,Monday
626,2025-08-18,CUST452,Male,43,Clothing,4,500.0,2000.0,August,8,2025,36-45,18,34,Monday
627,2025-08-18,CUST258,Female,58,Clothing,1,50.0,50.0,August,8,2025,46+,18,34,Monday
628,2025-08-19,CUST453,Male,52,Beauty,4,50.0,200.0,August,8,2025,46+,19,34,Tuesday
629,2025-08-19,CUST049,Female,42,Electronics,2,25.0,50.0,August,8,2025,36-45,19,34,Tuesday
630,2025-08-19,CUST454,Female,43,Clothing,2,50.0,100.0,August,8,2025,36-45,19,34,Tuesday
631,2025-08-19,CUST108,Female,28,Electronics,3,30.0,90.0,August,8,2025,26-35,19,34,Tuesday
632,2025-08-20,CUST455,Male,55,Electronics,4,25.0,100.0,August,8,2025,46+,20,34,Wednesday
633,2025-08-21,CUST310,Female,19,Beauty,4,30.0,120.0,August,8,2025,18-25,21,34,Thursday
634,2025-08-21,CUST456,Male,24,Electronics,4,500.0,2000.0,August,8,2025,18-25,21,34,Thursday
635,2025-08-21,CUST414,Female,35,Electronics,3,300.0,900.0,August,8,2025,26-35,21,34,Thursday
636,2025-08-21,CUST457,Male,44,Beauty,3,500.0,1500.0,August,8,2025,36-45,21,34,Thursday
637,2025-08-21,CUST458,Female,51,Clothing,2,300.0,600.0,August,8,2025,46+,21,34,Thursday
638,2025-08-21,CUST459,Male,44,Electronics,1,500.0,500.0,August,8,2025,36-45,21,34,Thursday
639,2025-08-22,CUST460,Male,34,Beauty,4,50.0,200.0,August,8,2025,26-35,22,34,Friday
640,2025-08-22,CUST461,Female,60,Electronics,4,30.0,120.0,August,8,2025,46+,22,34,Friday
641,2025-08-23,CUST462,Male,61,Electronics,1,300.0,300.0,August,8,2025,46+,23,34,Saturday
642,2025-08-23,CUST463,Male,41,Clothing,4,25.0,100.0,August,8,2025,36-45,23,34,Saturday
643,2025-08-23,CUST464,Female,42,Electronics,3,30.0,90.0,August,8,2025,36-45,23,34,Saturday
644,2025-08-24,CUST465,Male,24,Beauty,3,25.0,75.0,August,8,2025,18-25,24,34,Sunday
645,2025-08-24,CUST466,Male,23,Electronics,4,30.0,120.0,August,8,2025,18-25,24,34,Sunday
646,2025-08-24,CUST076,Male,41,Clothing,3,30.0,90.0,August,8,2025,36-45,24,34,Sunday
647,2025-08-25,CUST467,Female,50,Clothing,3,500.0,1500.0,August,8,2025,46+,25,35,Monday
648,2025-08-25,CUST139,Male,46,Beauty,4,300.0,1200.0,August,8,2025,46+,25,35,Monday
649,2025-08-25,CUST468,Female,60,Clothing,2,300.0,600.0,August,8,2025,46+,25,35,Monday
650,2025-08-26,CUST258,Male,39,Electronics,1,30.0,30.0,August,8,2025,36-45,26,35,Tuesday
651,2025-08-26,CUST469,Male,43,Clothing,3,50.0,150.0,August,8,2025,36-45,26,35,Tuesday
652,2025-08-26,CUST049,Male,45,Beauty,2,50.0,100.0,August,8,2025,36-45,26,35,Tuesday
653,2025-08-27,CUST470,Female,38,Clothing,3,25.0,75.0,August,8,2025,36-45,27,35,Wednesday
654,2025-08-27,CUST108,Male,24,Clothing,3,25.0,75.0,August,8,2025,18-25,27,35,Wednesday
655,2025-08-27,CUST471,Male,34,Clothing,1,500.0,500.0,August,8,2025,26-35,27,35,Wednesday
656,2025-08-27,CUST310,Female,37,Beauty,3,30.0,90.0,August,8,2025,36-45,27,35,Wednesday
657,2025-08-28,CUST472,Male,58,Clothing,1,25.0,25.0,August,8,2025,46+,28,35,Thursday
658,2025-08-28,CUST414,Female,37,Clothing,3,25.0,75.0,August,8,2025,36-45,28,35,Thursday
659,2025-08-28,CUST473,Female,39,Electronics,1,30.0,30.0,August,8,2025,36-45,28,35,Thursday
660,2025-08-29,CUST474,Male,45,Beauty,2,500.0,1000.0,August,8,2025,36-45,29,35,Friday
661,2025-08-29,CUST475,Female,57,Clothing,4,25.0,100.0,August,8,2025,46+,29,35,Friday
662,2025-08-29,CUST003,Male,24,Beauty,2,500.0,1000.0,August,8,2025,18-25,29,35,Friday
663,2025-08-29,CUST063,Female,18,Clothing,4,300.0,1200.0,August,8,2025,18-25,29,35,Friday
664,2025-08-31,CUST476,Female,49,Clothing,4,500.0,2000.0,August,8,2025,46+,31,35,Sunday
665,2025-08-31,CUST063,Male,30,Clothing,1,50.0,50.0,August,8,2025,26-35,31,35,Sunday
666,2025-08-31,CUST477,Female,47,Electronics,3,50.0,150.0,August,8,2025,46+,31,35,Sunday
667,2025-08-31,CUST478,Female,40,Electronics,1,500.0,500.0,August,8,2025,36-45,31,35,Sunday
668,2025-08-31,CUST479,Female,36,Electronics,3,50.0,150.0,August,8,2025,36-45,31,35,Sunday
669,2025-09-01,CUST003,Female,49,Beauty,4,300.0,1200.0,September,9,2025,46+,1,36,Monday
670,2025-09-01,CUST480,Female,47,Beauty,1,30.0,30.0,September,9,2025,46+,1,36,Monday
671,2025-09-01,CUST213,Male,46,Electronics,3,50.0,150.0,September,9,2025,46+,1,36,Monday
672,2025-09-01,CUST481,Female,62,Beauty,2,50.0,100.0,September,9,2025,46+,1,36,Monday
673,2025-09-02,CUST073,Male,46,Clothing,3,500.0,1500.0,September,9,2025,46+,2,36,Tuesday
674,2025-09-02,CUST482,Female,47,Clothing,1,300.0,300.0,September,9,2025,46+,2,36,Tuesday
675,2025-09-02,CUST256,Male,33,Clothing,2,30.0,60.0,September,9,2025,26-35,2,36,Tuesday
676,2025-09-03,CUST483,Male,57,Electronics,3,500.0,1500.0,September,9,2025,46+,3,36,Wednesday
677,2025-09-04,CUST289,Female,36,Beauty,3,500.0,1500.0,September,9,2025,36-45,4,36,Thursday
678,2025-09-05,CUST484,Female,35,Electronics,3,300.0,900.0,September,9,2025,26-35,5,36,Friday
679,2025-09-05,CUST290,Female,18,Beauty,3,30.0,90.0,September,9,2025,18-25,5,36,Friday
680,2025-09-06,CUST485,Male,31,Clothing,3,300.0,900.0,September,9,2025,26-35,6,36,Saturday
681,2025-09-06,CUST076,Female,64,Electronics,2,30.0,60.0,September,9,2025,46+,6,36,Saturday
682,2025-09-06,CUST486,Female,31,Beauty,4,300.0,1200.0,September,9,2025,26-35,6,36,Saturday
683,2025-09-06,CUST307,Male,55,Beauty,2,500.0,1000.0,September,9,2025,46+,6,36,Saturday
684,2025-09-06,CUST487,Male,53,Clothing,2,500.0,1000.0,September,9,2025,46+,6,36,Saturday
685,2025-09-07,CUST488,Male,50,Electronics,2,25.0,50.0,September,9,2025,46+,7,36,Sunday
686,2025-09-07,CUST489,Female,40,Electronics,4,50.0,200.0,September,9,2025,36-45,7,36,Sunday
687,2025-09-07,CUST490,Male,61,Electronics,1,300.0,300.0,September,9,2025,46+,7,36,Sunday
688,2025-09-08,CUST491,Female,19,Clothing,4,25.0,100.0,September,9,2025,18-25,8,37,Monday
689,2025-09-08,CUST492,Male,19,Electronics,2,50.0,100.0,September,9,2025,18-25,8,37,Monday
690,2025-09-08,CUST493,Female,37,Clothing,3,300.0,900.0,September,9,2025,36-45,8,37,Monday
691,2025-09-08,CUST494,Male,54,Clothing,3,30.0,90.0,September,9,2025,46+,8,37,Monday
692,2025-09-09,CUST495,Female,26,Clothing,2,50.0,100.0,September,9,2025,26-35,9,37,Tuesday
693,2025-09-09,CUST308,Male,22,Beauty,3,500.0,1500.0,September,9,2025,18-25,9,37,Tuesday
694,2025-09-09,CUST496,Female,28,Electronics,2,25.0,50.0,September,9,2025,26-35,9,37,Tuesday
695,2025-09-10,CUST497,Female,26,Electronics,3,50.0,150.0,September,9,2025,26-35,10,37,Wednesday
696,2025-09-11,CUST498,Male,51,Clothing,4,50.0,200.0,September,9,2025,46+,11,37,Thursday
697,2025-09-11,CUST411,Female,52,Clothing,1,500.0,500.0,September,9,2025,46+,11,37,Thursday
698,2025-09-13,CUST499,Female,52,Electronics,1,300.0,300.0,September,9,2025,46+,13,37,Saturday
699,2025-09-14,CUST500,Male,57,Clothing,4,30.0,120.0,September,9,2025,46+,14,37,Sunday
700,2025-09-15,CUST204,Female,46,Electronics,4,500.0,2000.0,September,9,2025,46+,15,38,Monday
701,2025-09-16,CUST501,Male,28,Beauty,2,30.0,60.0,September,9,2025,26-35,16,38,Tuesday
702,2025-09-16,CUST05,Male,58,Clothing,2,300.0,600.0,September,9,2025,46+,16,38,Tuesday
703,2025-09-16,CUST304,Female,54,Electronics,2,50.0,100.0,September,9,2025,46+,16,38,Tuesday
704,2025-09-17,CUST502,Male,31,Clothing,3,30.0,90.0,September,9,2025,26-35,17,38,Wednesday
705,2025-09-17,CUST063,Female,22,Electronics,2,25.0,50.0,September,9,2025,18-25,17,38,Wednesday
706,2025-09-17,CUST503,Male,21,Electronics,4,25.0,100.0,September,9,2025,18-25,17,38,Wednesday
707,2025-09-17,CUST026,Male,62,Clothing,1,500.0,500.0,September,9,2025,46+,17,38,Wednesday
708,2025-09-17,CUST504,Male,42,Beauty,3,300.0,900.0,September,9,2025,36-45,17,38,Wednesday
709,2025-09-18,CUST113,Female,35,Electronics,2,500.0,1000.0,September,9,2025,26-35,18,38,Thursday
710,2025-09-18,CUST505,Male,57,Electronics,3,500.0,1500.0,September,9,2025,46+,18,38,Thursday
711,2025-09-18,CUST211,Male,31,Electronics,3,500.0,1500.0,September,9,2025,26-35,18,38,Thursday
712,2025-09-19,CUST506,Female,55,Beauty,2,25.0,50.0,September,9,2025,46+,19,38,Friday
713,2025-09-19,CUST507,Male,50,Beauty,3,25.0,75.0,September,9,2025,46+,19,38,Friday
714,2025-09-21,CUST508,Female,40,Clothing,1,500.0,500.0,September,9,2025,36-45,21,38,Sunday
715,2025-09-21,CUST509,Female,34,Beauty,4,25.0,100.0,September,9,2025,26-35,21,38,Sunday
716,2025-09-22,CUST510,Female,57,Clothing,4,300.0,1200.0,September,9,2025,46+,22,39,Monday
717,2025-09-22,CUST511,Male,23,Clothing,1,500.0,500.0,September,9,2025,18-25,22,39,Monday
718,2025-09-23,CUST073,Male,23,Beauty,3,25.0,75.0,September,9,2025,18-25,23,39,Tuesday
719,2025-09-24,CUST512,Male,56,Clothing,2,30.0,60.0,September,9,2025,46+,24,39,Wednesday
720,2025-09-24,CUST137,Male,50,Beauty,3,500.0,1500.0,September,9,2025,46+,24,39,Wednesday
721,2025-09-25,CUST513,Female,54,Clothing,1,500.0,500.0,September,9,2025,46+,25,39,Thursday
722,2025-09-25,CUST257,Male,50,Beauty,3,300.0,900.0,September,9,2025,46+,25,39,Thursday
723,2025-09-25,CUST514,Male,39,Beauty,4,50.0,200.0,September,9,2025,36-45,25,39,Thursday
724,2025-09-26,CUST330,Male,50,Clothing,3,50.0,150.0,September,9,2025,46+,26,39,Friday
725,2025-09-28,CUST515,Male,46,Electronics,1,300.0,300.0,September,9,2025,46+,28,39,Sunday
726,2025-09-28,CUST076,Female,46,Clothing,4,300.0,1200.0,September,9,2025,46+,28,39,Sunday
727,2025-09-28,CUST516,Female,21,Beauty,3,300.0,900.0,September,9,2025,18-25,28,39,Sunday
728,2025-09-29,CUST139,Male,62,Electronics,3,50.0,150.0,September,9,2025,46+,29,40,Monday
729,2025-09-29,CUST517,Female,19,Clothing,4,300.0,1200.0,September,9,2025,18-25,29,40,Monday
730,2025-09-29,CUST258,Male,53,Clothing,2,25.0,50.0,September,9,2025,46+,29,40,Monday
731,2025-09-29,CUST518,Male,19,Clothing,4,500.0,2000.0,September,9,2025,18-25,29,40,Monday
732,2025-09-30,CUST331,Male,45,Electronics,2,500.0,1000.0,September,9,2025,36-45,30,40,Tuesday
733,2025-09-30,CUST519,Male,47,Beauty,1,30.0,30.0,September,9,2025,46+,30,40,Tuesday
734,2025-10-01,CUST292,Female,55,Clothing,1,30.0,30.0,October,10,2025,46+,1,40,Wednesday
735,2025-10-01,CUST520,Female,21,Clothing,4,500.0,2000.0,October,10,2025,18-25,1,40,Wednesday
736,2025-10-01,CUST185,Male,18,Clothing,4,25.0,100.0,October,10,2025,18-25,1,40,Wednesday
737,2025-10-02,CUST521,Male,25,Clothing,1,50.0,50.0,October,10,2025,18-25,2,40,Thursday
738,2025-10-02,CUST289,Female,46,Clothing,2,50.0,100.0,October,10,2025,46+,2,40,Thursday
739,2025-10-02,CUST522,Male,56,Beauty,1,25.0,25.0,October,10,2025,46+,2,40,Thursday
740,2025-10-02,CUST358,Female,20,Beauty,4,50.0,200.0,October,10,2025,18-25,2,40,Thursday
741,2025-10-02,CUST523,Male,49,Clothing,1,300.0,300.0,October,10,2025,46+,2,40,Thursday
742,2025-10-03,CUST026,Female,27,Electronics,4,500.0,2000.0,October,10,2025,26-35,3,40,Friday
743,2025-10-03,CUST524,Male,27,Beauty,4,500.0,2000.0,October,10,2025,26-35,3,40,Friday
744,2025-10-03,CUST113,Female,36,Electronics,1,25.0,25.0,October,10,2025,36-45,3,40,Friday
745,2025-10-03,CUST525,Male,63,Beauty,2,50.0,100.0,October,10,2025,46+,3,40,Friday
746,2025-10-03,CUST211,Female,51,Clothing,3,30.0,90.0,October,10,2025,46+,3,40,Friday
747,2025-10-04,CUST526,Female,50,Beauty,1,30.0,30.0,October,10,2025,46+,4,40,Saturday
748,2025-10-04,CUST527,Male,40,Clothing,3,50.0,150.0,October,10,2025,36-45,4,40,Saturday
749,2025-10-04,CUST528,Male,45,Beauty,1,30.0,30.0,October,10,2025,36-45,4,40,Saturday
750,2025-10-04,CUST529,Female,49,Clothing,3,25.0,75.0,October,10,2025,46+,4,40,Saturday
751,2025-10-04,CUST530,Male,24,Clothing,2,25.0,50.0,October,10,2025,18-25,4,40,Saturday
752,2025-10-04,CUST531,Female,46,Clothing,2,50.0,100.0,October,10,2025,46+,4,40,Saturday
753,2025-10-05,CUST532,Male,25,Clothing,1,30.0,30.0,October,10,2025,18-25,5,40,Sunday
754,2025-10-05,CUST533,Female,18,Electronics,4,25.0,100.0,October,10,2025,18-25,5,40,Sunday
755,2025-10-06,CUST076,Female,20,Clothing,3,25.0,75.0,October,10,2025,18-25,6,41,Monday
756,2025-10-07,CUST534,Female,41,Electronics,4,300.0,1200.0,October,10,2025,36-45,7,41,Tuesday
757,2025-10-07,CUST139,Female,40,Electronics,4,300.0,1200.0,October,10,2025,36-45,7,41,Tuesday
758,2025-10-07,CUST535,Female,25,Clothing,4,25.0,100.0,October,10,2025,18-25,7,41,Tuesday
759,2025-10-07,CUST258,Female,64,Electronics,2,50.0,100.0,October,10,2025,46+,7,41,Tuesday
760,2025-10-08,CUST536,Male,54,Beauty,1,500.0,500.0,October,10,2025,46+,8,41,Wednesday
761,2025-10-08,CUST049,Male,20,Clothing,1,500.0,500.0,October,10,2025,18-25,8,41,Wednesday
762,2025-10-09,CUST537,Male,50,Electronics,2,25.0,50.0,October,10,2025,46+,9,41,Thursday
763,2025-10-09,CUST108,Female,45,Clothing,2,25.0,50.0,October,10,2025,36-45,9,41,Thursday
764,2025-10-09,CUST538,Female,64,Clothing,1,25.0,25.0,October,10,2025,46+,9,41,Thursday
765,2025-10-10,CUST310,Female,25,Clothing,4,50.0,200.0,October,10,2025,18-25,10,41,Friday
766,2025-10-10,CUST539,Female,51,Electronics,3,300.0,900.0,October,10,2025,46+,10,41,Friday
767,2025-10-10,CUST414,Male,52,Beauty,3,25.0,75.0,October,10,2025,46+,10,41,Friday
768,2025-10-10,CUST540,Male,49,Beauty,3,25.0,75.0,October,10,2025,46+,10,41,Friday
769,2025-10-11,CUST003,Female,41,Electronics,4,30.0,120.0,October,10,2025,36-45,11,41,Saturday
770,2025-10-11,CUST541,Male,31,Clothing,1,50.0,50.0,October,10,2025,26-35,11,41,Saturday
771,2025-10-11,CUST063,Male,49,Electronics,2,25.0,50.0,October,10,2025,46+,11,41,Saturday
772,2025-10-11,CUST542,Female,63,Electronics,1,30.0,30.0,October,10,2025,46+,11,41,Saturday
773,2025-10-11,CUST029,Male,60,Electronics,4,500.0,2000.0,October,10,2025,46+,11,41,Saturday
774,2025-10-11,CUST543,Female,33,Clothing,2,25.0,50.0,October,10,2025,26-35,11,41,Saturday
775,2025-10-11,CUST114,Male,21,Electronics,4,25.0,100.0,October,10,2025,18-25,11,41,Saturday
776,2025-10-12,CUST544,Female,54,Clothing,3,30.0,90.0,October,10,2025,46+,12,41,Sunday
777,2025-10-12,CUST308,Female,38,Electronics,3,50.0,150.0,October,10,2025,36-45,12,41,Sunday
778,2025-10-12,CUST545,Female,31,Beauty,4,25.0,100.0,October,10,2025,26-35,12,41,Sunday
779,2025-10-13,CUST305,Female,48,Electronics,5,500.0,2500.0,October,10,2025,46+,13,42,Monday
780,2025-10-13,CUST546,Male,35,Electronics,2,25.0,50.0,October,10,2025,26-35,13,42,Monday
781,2025-10-13,CUST414,Female,24,Beauty,1,500.0,500.0,October,10,2025,18-25,13,42,Monday
782,2025-10-14,CUST547,Female,27,Clothing,3,300.0,900.0,October,10,2025,26-35,14,42,Tuesday
783,2025-10-14,CUST548,Female,24,Clothing,1,300.0,300.0,October,10,2025,18-25,14,42,Tuesday
784,2025-10-15,CUST549,Male,50,Electronics,1,500.0,500.0,October,10,2025,46+,15,42,Wednesday
785,2025-10-15,CUST550,Female,40,Beauty,4,50.0,200.0,October,10,2025,36-45,15,42,Wednesday
786,2025-10-15,CUST551,Male,38,Clothing,4,25.0,100.0,October,10,2025,36-45,15,42,Wednesday
787,2025-10-16,CUST552,Female,36,Electronics,1,25.0,25.0,October,10,2025,36-45,16,42,Thursday
788,2025-10-16,CUST553,Male,36,Beauty,3,300.0,900.0,October,10,2025,36-45,16,42,Thursday
789,2025-10-16,CUST554,Male,53,Clothing,4,500.0,2000.0,October,10,2025,46+,16,42,Thursday
790,2025-10-16,CUST555,Female,46,Clothing,1,25.0,25.0,October,10,2025,46+,16,42,Thursday
791,2025-10-17,CUST556,Male,35,Beauty,1,25.0,25.0,October,10,2025,26-35,17,42,Friday
792,2025-10-17,CUST557,Female,19,Beauty,1,50.0,50.0,October,10,2025,18-25,17,42,Friday
793,2025-10-18,CUST558,Female,18,Beauty,1,30.0,30.0,October,10,2025,18-25,18,42,Saturday
794,2025-10-18,CUST559,Female,64,Beauty,6,300.0,1800.0,October,10,2025,46+,18,42,Saturday
795,2025-10-19,CUST560,Male,22,Electronics,1,300.0,300.0,October,10,2025,18-25,19,42,Sunday
796,2025-10-19,CUST561,Male,37,Beauty,4,30.0,120.0,October,10,2025,36-45,19,42,Sunday
797,2025-10-19,CUST562,Female,28,Clothing,3,25.0,75.0,October,10,2025,26-35,19,42,Sunday
798,2025-10-19,CUST563,Female,59,Clothing,1,50.0,50.0,October,10,2025,46+,19,42,Sunday
799,2025-10-20,CUST564,Male,19,Electronics,2,50.0,100.0,October,10,2025,18-25,20,43,Monday
800,2025-10-21,CUST565,Female,20,Clothing,4,300.0,1200.0,October,10,2025,18-25,21,43,Tuesday
801,2025-10-22,CUST566,Female,40,Clothing,4,50.0,200.0,October,10,2025,36-45,22,43,Wednesday
802,2025-10-22,CUST567,Female,29,Beauty,1,30.0,30.0,October,10,2025,26-35,22,43,Wednesday
803,2025-10-22,CUST568,Male,37,Clothing,4,25.0,100.0,October,10,2025,36-45,22,43,Wednesday
804,2025-10-23,CUST569,Male,22,Electronics,1,30.0,30.0,October,10,2025,18-25,23,43,Thursday
805,2025-10-23,CUST570,Male,54,Beauty,3,500.0,1500.0,October,10,2025,46+,23,43,Thursday
806,2025-10-23,CUST571,Female,55,Beauty,3,300.0,900.0,October,10,2025,46+,23,43,Thursday
807,2025-10-23,CUST572,Female,47,Electronics,4,50.0,200.0,October,10,2025,46+,23,43,Thursday
808,2025-10-24,CUST573,Female,26,Beauty,4,500.0,2000.0,October,10,2025,26-35,24,43,Friday
809,2025-10-24,CUST574,Female,43,Beauty,2,50.0,100.0,October,10,2025,36-45,24,43,Friday
810,2025-10-24,CUST575,Male,39,Electronics,4,25.0,100.0,October,10,2025,36-45,24,43,Friday
811,2025-10-24,CUST576,Female,64,Beauty,2,25.0,50.0,October,10,2025,46+,24,43,Friday
812,2025-10-25,CUST577,Female,60,Electronics,3,25.0,75.0,October,10,2025,46+,25,43,Saturday
813,2025-10-25,CUST578,Male,34,Electronics,3,50.0,150.0,October,10,2025,26-35,25,43,Saturday
814,2025-10-26,CUST579,Female,43,Clothing,1,500.0,500.0,October,10,2025,36-45,26,43,Sunday
815,2025-10-26,CUST580,Male,53,Clothing,3,25.0,75.0,October,10,2025,46+,26,43,Sunday
816,2025-10-26,CUST581,Female,25,Beauty,2,500.0,1000.0,October,10,2025,18-25,26,43,Sunday
817,2025-10-27,CUST582,Female,52,Beauty,4,50.0,200.0,October,10,2025,46+,27,44,Monday
818,2025-10-27,CUST583,Male,40,Electronics,1,500.0,500.0,October,10,2025,36-45,27,44,Monday
819,2025-10-27,CUST584,Male,41,Beauty,2,50.0,100.0,October,10,2025,36-45,27,44,Monday
820,2025-10-29,CUST585,Male,24,Electronics,4,50.0,200.0,October,10,2025,18-25,29,44,Wednesday
821,2025-10-29,CUST586,Male,20,Electronics,1,300.0,300.0,October,10,2025,18-25,29,44,Wednesday
822,2025-10-29,CUST587,Female,64,Beauty,3,50.0,150.0,October,10,2025,46+,29,44,Wednesday
823,2025-10-29,CUST588,Male,40,Electronics,2,50.0,100.0,October,10,2025,36-45,29,44,Wednesday
824,2025-10-29,CUST589,Male,55,Clothing,4,30.0,120.0,October,10,2025,46+,29,44,Wednesday
825,2025-10-29,CUST590,Male,52,Beauty,1,25.0,25.0,October,10,2025,46+,29,44,Wednesday
826,2025-10-30,CUST591,Female,32,Clothing,1,300.0,300.0,October,10,2025,26-35,30,44,Thursday
827,2025-10-31,CUST592,Female,42,Beauty,3,300.0,900.0,October,10,2025,36-45,31,44,Friday
828,2025-10-31,CUST593,Female,34,Electronics,4,300.0,1200.0,October,10,2025,26-35,31,44,Friday
829,2025-10-31,CUST594,Male,56,Beauty,3,30.0,90.0,October,10,2025,46+,31,44,Friday
830,2025-11-01,CUST595,Female,43,Clothing,3,50.0,150.0,November,11,2025,36-45,1,44,Saturday
831,2025-11-01,CUST596,Male,61,Electronics,4,25.0,100.0,November,11,2025,46+,1,44,Saturday
832,2025-11-01,CUST597,Male,21,Beauty,4,500.0,2000.0,November,11,2025,18-25,1,44,Saturday
833,2025-11-01,CUST598,Male,58,Beauty,4,50.0,200.0,November,11,2025,46+,1,44,Saturday
834,2025-11-02,CUST599,Male,51,Beauty,2,30.0,60.0,November,11,2025,46+,2,44,Sunday
835,2025-11-02,CUST600,Female,64,Clothing,4,50.0,200.0,November,11,2025,46+,2,44,Sunday
836,2025-11-02,CUST601,Female,25,Clothing,1,50.0,50.0,November,11,2025,18-25,2,44,Sunday
837,2025-11-02,CUST139,Female,61,Beauty,3,30.0,90.0,November,11,2025,46+,2,44,Sunday
838,2025-11-02,CUST602,Female,23,Electronics,2,300.0,600.0,November,11,2025,18-25,2,44,Sunday
839,2025-11-02,CUST258,Female,54,Electronics,4,300.0,1200.0,November,11,2025,46+,2,44,Sunday
840,2025-11-03,CUST603,Male,21,Clothing,2,25.0,50.0,November,11,2025,18-25,3,45,Monday
841,2025-11-04,CUST049,Male,47,Electronics,4,25.0,100.0,November,11,2025,46+,4,45,Tuesday
842,2025-11-05,CUST604,Male,26,Clothing,2,300.0,600.0,November,11,2025,26-35,5,45,Wednesday
843,2025-11-05,CUST108,Male,20,Beauty,3,500.0,1500.0,November,11,2025,18-25,5,45,Wednesday
844,2025-11-06,CUST605,Female,53,Clothing,3,50.0,150.0,November,11,2025,46+,6,45,Thursday
845,2025-11-06,CUST310,Male,48,Clothing,1,500.0,500.0,November,11,2025,46+,6,45,Thursday
846,2025-11-07,CUST606,Male,23,Beauty,1,50.0,50.0,November,11,2025,18-25,7,45,Friday
847,2025-11-07,CUST414,Female,37,Electronics,4,300.0,1200.0,November,11,2025,36-45,7,45,Friday
848,2025-11-07,CUST607,Female,45,Clothing,3,25.0,75.0,November,11,2025,36-45,7,45,Friday
849,2025-11-07,CUST590,Male,21,Clothing,2,25.0,50.0,November,11,2025,18-25,7,45,Friday
850,2025-11-07,CUST608,Male,47,Beauty,2,500.0,1000.0,November,11,2025,46+,7,45,Friday
851,2025-11-07,CUST003,Male,55,Electronics,2,25.0,50.0,November,11,2025,46+,7,45,Friday
852,2025-11-08,CUST609,Male,25,Clothing,1,300.0,300.0,November,11,2025,18-25,8,45,Saturday
853,2025-11-08,CUST063,Female,23,Beauty,2,500.0,1000.0,November,11,2025,18-25,8,45,Saturday
854,2025-11-09,CUST610,Male,43,Clothing,1,50.0,50.0,November,11,2025,36-45,9,45,Sunday
855,2025-11-09,CUST063,Male,36,Beauty,1,25.0,25.0,November,11,2025,36-45,9,45,Sunday
856,2025-11-09,CUST611,Female,37,Electronics,4,30.0,120.0,November,11,2025,36-45,9,45,Sunday
857,2025-11-10,CUST612,Male,50,Electronics,2,25.0,50.0,November,11,2025,46+,10,46,Monday
858,2025-11-10,CUST613,Male,51,Electronics,2,50.0,100.0,November,11,2025,46+,10,46,Monday
859,2025-11-12,CUST413,Female,61,Electronics,3,500.0,1500.0,November,11,2025,46+,12,46,Wednesday
860,2025-11-12,CUST614,Female,52,Clothing,4,50.0,200.0,November,11,2025,46+,12,46,Wednesday
861,2025-11-13,CUST412,Female,39,Clothing,3,30.0,90.0,November,11,2025,36-45,13,46,Thursday
862,2025-11-13,CUST615,Female,61,Electronics,4,300.0,1200.0,November,11,2025,46+,13,46,Thursday
863,2025-11-14,CUST623,Male,41,Electronics,2,25.0,50.0,November,11,2025,36-45,14,46,Friday
864,2025-11-14,CUST616,Male,34,Electronics,1,500.0,500.0,November,11,2025,26-35,14,46,Friday
865,2025-11-14,CUST582,Female,27,Clothing,1,300.0,300.0,November,11,2025,26-35,14,46,Friday
866,2025-11-14,CUST617,Male,47,Electronics,1,50.0,50.0,November,11,2025,46+,14,46,Friday
867,2025-11-15,CUST585,Male,63,Electronics,1,500.0,500.0,November,11,2025,46+,15,46,Saturday
868,2025-11-15,CUST618,Female,40,Electronics,1,300.0,300.0,November,11,2025,36-45,15,46,Saturday
869,2025-11-15,CUST590,Female,49,Beauty,3,500.0,1500.0,November,11,2025,46+,15,46,Saturday
870,2025-11-16,CUST619,Male,34,Electronics,4,30.0,120.0,November,11,2025,26-35,16,46,Sunday
871,2025-11-17,CUST018,Female,34,Beauty,2,30.0,60.0,November,11,2025,26-35,17,47,Monday
872,2025-11-17,CUST620,Male,31,Beauty,3,25.0,75.0,November,11,2025,26-35,17,47,Monday
873,2025-11-17,CUST026,Female,26,Electronics,4,25.0,100.0,November,11,2025,26-35,17,47,Monday
874,2025-11-17,CUST621,Male,50,Beauty,1,30.0,30.0,November,11,2025,46+,17,47,Monday
875,2025-11-18,CUST113,Male,30,Electronics,4,500.0,2000.0,November,11,2025,26-35,18,47,Tuesday
876,2025-11-18,CUST622,Male,63,Clothing,4,30.0,120.0,November,11,2025,46+,18,47,Tuesday
877,2025-11-18,CUST211,Male,22,Clothing,1,25.0,25.0,November,11,2025,18-25,18,47,Tuesday
878,2025-11-19,CUST623,Female,42,Clothing,3,30.0,90.0,November,11,2025,36-45,19,47,Wednesday
879,2025-11-19,CUST624,Female,47,Clothing,1,30.0,30.0,November,11,2025,46+,19,47,Wednesday
880,2025-11-20,CUST625,Female,28,Beauty,2,500.0,1000.0,November,11,2025,26-35,20,47,Thursday
881,2025-11-21,CUST626,Female,42,Electronics,1,300.0,300.0,November,11,2025,36-45,21,47,Friday
882,2025-11-21,CUST627,Male,44,Electronics,2,25.0,50.0,November,11,2025,36-45,21,47,Friday
883,2025-11-21,CUST628,Female,50,Electronics,1,500.0,500.0,November,11,2025,46+,21,47,Friday
884,2025-11-22,CUST629,Female,55,Clothing,2,30.0,60.0,November,11,2025,46+,22,47,Saturday
885,2025-11-22,CUST630,Female,20,Clothing,4,30.0,120.0,November,11,2025,18-25,22,47,Saturday
886,2025-11-22,CUST631,Male,54,Electronics,3,300.0,900.0,November,11,2025,46+,22,47,Saturday
887,2025-11-23,CUST161,Female,54,Clothing,4,25.0,100.0,November,11,2025,46+,23,47,Sunday
888,2025-11-23,CUST632,Male,34,Electronics,4,25.0,100.0,November,11,2025,26-35,23,47,Sunday
889,2025-11-23,CUST260,Female,38,Electronics,1,50.0,50.0,November,11,2025,36-45,23,47,Sunday
890,2025-11-24,CUST633,Male,57,Electronics,2,25.0,50.0,November,11,2025,46+,24,48,Monday
891,2025-11-24,CUST307,Male,51,Electronics,3,300.0,900.0,November,11,2025,46+,24,48,Monday
892,2025-11-24,CUST634,Female,45,Electronics,1,50.0,50.0,November,11,2025,36-45,24,48,Monday
893,2025-11-25,CUST213,Male,25,Electronics,1,50.0,50.0,November,11,2025,18-25,25,48,Tuesday
894,2025-11-25,CUST635,Female,20,Electronics,1,30.0,30.0,November,11,2025,18-25,25,48,Tuesday
895,2025-11-26,CUST580,Male,29,Clothing,4,30.0,120.0,November,11,2025,26-35,26,48,Wednesday
896,2025-11-26,CUST636,Female,22,Electronics,2,25.0,50.0,November,11,2025,18-25,26,48,Wednesday
897,2025-11-27,CUST615,Male,40,Electronics,2,50.0,100.0,November,11,2025,36-45,27,48,Thursday
898,2025-11-27,CUST637,Male,54,Clothing,3,30.0,90.0,November,11,2025,46+,27,48,Thursday
899,2025-11-27,CUST076,Female,38,Clothing,2,300.0,600.0,November,11,2025,36-45,27,48,Thursday
900,2025-11-28,CUST638,Female,55,Clothing,2,30.0,60.0,November,11,2025,46+,28,48,Friday
901,2025-11-28,CUST139,Female,51,Electronics,1,30.0,30.0,November,11,2025,46+,28,48,Friday
902,2025-11-29,CUST639,Female,55,Beauty,1,50.0,50.0,November,11,2025,46+,29,48,Saturday
903,2025-11-29,CUST258,Female,51,Beauty,4,50.0,200.0,November,11,2025,46+,29,48,Saturday
904,2025-11-29,CUST640,Female,50,Clothing,1,500.0,500.0,November,11,2025,46+,29,48,Saturday
905,2025-11-30,CUST641,Male,41,Beauty,1,300.0,300.0,November,11,2025,36-45,30,48,Sunday
906,2025-11-30,CUST642,Female,22,Clothing,1,50.0,50.0,November,11,2025,18-25,30,48,Sunday
907,2025-11-30,CUST643,Female,34,Electronics,1,25.0,25.0,November,11,2025,26-35,30,48,Sunday
908,2025-12-01,CUST644,Female,34,Beauty,4,300.0,1200.0,December,12,2025,26-35,1,49,Monday
909,2025-12-01,CUST177,Female,41,Electronics,1,300.0,300.0,December,12,2025,36-45,1,49,Monday
910,2025-12-02,CUST645,Male,19,Beauty,3,50.0,150.0,December,12,2025,18-25,2,49,Tuesday
911,2025-12-02,CUST278,Female,30,Electronics,3,300.0,900.0,December,12,2025,26-35,2,49,Tuesday
912,2025-12-02,CUST646,Female,28,Beauty,3,50.0,150.0,December,12,2025,26-35,2,49,Tuesday
913,2025-12-03,CUST353,Male,64,Electronics,3,30.0,90.0,December,12,2025,46+,3,49,Wednesday
914,2025-12-04,CUST647,Female,40,Electronics,1,500.0,500.0,December,12,2025,36-45,4,49,Thursday
915,2025-12-04,CUST178,Male,42,Beauty,3,30.0,90.0,December,12,2025,36-45,4,49,Thursday
916,2025-12-04,CUST648,Male,20,Electronics,1,50.0,50.0,December,12,2025,18-25,4,49,Thursday
917,2025-12-04,CUST279,Male,49,Electronics,4,50.0,200.0,December,12,2025,46+,4,49,Thursday
918,2025-12-05,CUST649,Male,44,Electronics,3,30.0,90.0,December,12,2025,36-45,5,49,Friday
919,2025-12-05,CUST354,Male,38,Beauty,2,25.0,50.0,December,12,2025,36-45,5,49,Friday
920,2025-12-05,CUST650,Female,22,Beauty,3,25.0,75.0,December,12,2025,18-25,5,49,Friday
921,2025-12-05,CUST182,Male,35,Electronics,3,25.0,75.0,December,12,2025,26-35,5,49,Friday
922,2025-12-05,CUST651,Male,23,Electronics,1,50.0,50.0,December,12,2025,18-25,5,49,Friday
923,2025-12-06,CUST285,Female,58,Beauty,3,300.0,900.0,December,12,2025,46+,6,49,Saturday
924,2025-12-06,CUST652,Male,57,Beauty,2,50.0,100.0,December,12,2025,46+,6,49,Saturday
925,2025-12-06,CUST356,Female,19,Electronics,5,300.0,1500.0,December,12,2025,18-25,6,49,Saturday
926,2025-12-06,CUST653,Male,62,Electronics,1,30.0,30.0,December,12,2025,46+,6,49,Saturday
927,2025-12-06,CUST186,Male,42,Electronics,4,500.0,2000.0,December,12,2025,36-45,6,49,Saturday
928,2025-12-07,CUST654,Male,56,Clothing,4,300.0,1200.0,December,12,2025,46+,7,49,Sunday
929,2025-12-07,CUST290,Female,26,Beauty,3,25.0,75.0,December,12,2025,26-35,7,49,Sunday
930,2025-12-08,CUST655,Male,39,Clothing,4,50.0,200.0,December,12,2025,36-45,8,50,Monday
931,2025-12-08,CUST361,Male,60,Beauty,4,30.0,120.0,December,12,2025,46+,8,50,Monday
932,2025-12-08,CUST656,Female,63,Beauty,4,25.0,100.0,December,12,2025,46+,8,50,Monday
933,2025-12-08,CUST105,Female,21,Beauty,1,30.0,30.0,December,12,2025,18-25,8,50,Monday
934,2025-12-09,CUST657,Male,43,Beauty,1,500.0,500.0,December,12,2025,36-45,9,50,Tuesday
935,2025-12-09,CUST204,Male,46,Beauty,1,50.0,50.0,December,12,2025,46+,9,50,Tuesday
936,2025-12-09,CUST658,Female,62,Beauty,4,50.0,200.0,December,12,2025,46+,9,50,Tuesday
937,2025-12-09,CUST304,Female,51,Beauty,1,500.0,500.0,December,12,2025,46+,9,50,Tuesday
938,2025-12-09,CUST659,Female,40,Clothing,4,50.0,200.0,December,12,2025,36-45,9,50,Tuesday
939,2025-12-09,CUST660,Female,54,Electronics,1,300.0,300.0,December,12,2025,46+,9,50,Tuesday
940,2025-12-10,CUST661,Female,28,Electronics,1,30.0,30.0,December,12,2025,26-35,10,50,Wednesday
941,2025-12-10,CUST662,Male,23,Clothing,2,25.0,50.0,December,12,2025,18-25,10,50,Wednesday
942,2025-12-10,CUST663,Female,35,Clothing,3,500.0,1500.0,December,12,2025,26-35,10,50,Wednesday
943,2025-12-10,CUST664,Male,38,Clothing,4,300.0,1200.0,December,12,2025,36-45,10,50,Wednesday
944,2025-12-11,CUST665,Male,59,Clothing,2,25.0,50.0,December,12,2025,46+,11,50,Thursday
945,2025-12-11,CUST666,Male,53,Beauty,1,25.0,25.0,December,12,2025,46+,11,50,Thursday
946,2025-12-12,CUST667,Female,58,Electronics,4,500.0,2000.0,December,12,2025,46+,12,50,Friday
947,2025-12-12,CUST668,Male,55,Beauty,1,300.0,300.0,December,12,2025,46+,12,50,Friday
948,2025-12-13,CUST669,Male,51,Electronics,3,25.0,75.0,December,12,2025,46+,13,50,Saturday
949,2025-12-13,CUST670,Female,34,Electronics,2,25.0,50.0,December,12,2025,26-35,13,50,Saturday
950,2025-12-13,CUST671,Male,54,Clothing,3,300.0,900.0,December,12,2025,46+,13,50,Saturday
951,2025-12-14,CUST672,Male,42,Beauty,2,50.0,100.0,December,12,2025,36-45,14,50,Sunday
952,2025-12-14,CUST673,Female,55,Clothing,1,25.0,25.0,December,12,2025,46+,14,50,Sunday
953,2025-12-15,CUST674,Male,29,Beauty,3,30.0,90.0,December,12,2025,26-35,15,51,Monday
954,2025-12-15,CUST675,Male,40,Electronics,3,300.0,900.0,December,12,2025,36-45,15,51,Monday
955,2025-12-16,CUST105,Male,59,Clothing,1,25.0,25.0,December,12,2025,46+,16,51,Tuesday
956,2025-12-16,CUST676,Female,39,Clothing,3,500.0,1500.0,December,12,2025,36-45,16,51,Tuesday
957,2025-12-16,CUST204,Female,38,Electronics,4,30.0,120.0,December,12,2025,36-45,16,51,Tuesday
958,2025-12-17,CUST677,Female,44,Electronics,2,25.0,50.0,December,12,2025,36-45,17,51,Wednesday
959,2025-12-17,CUST304,Male,48,Electronics,2,30.0,60.0,December,12,2025,46+,17,51,Wednesday
960,2025-12-18,CUST678,Male,23,Clothing,2,30.0,60.0,December,12,2025,18-25,18,51,Thursday
961,2025-12-18,CUST585,Female,44,Beauty,4,50.0,200.0,December,12,2025,36-45,18,51,Thursday
962,2025-12-18,CUST679,Male,57,Clothing,2,30.0,60.0,December,12,2025,46+,18,51,Thursday
963,2025-12-18,CUST625,Male,51,Beauty,1,50.0,50.0,December,12,2025,46+,18,51,Thursday
964,2025-12-19,CUST680,Female,29,Clothing,3,300.0,900.0,December,12,2025,26-35,19,51,Friday
965,2025-12-19,CUST616,Female,62,Clothing,4,50.0,200.0,December,12,2025,46+,19,51,Friday
966,2025-12-19,CUST681,Male,24,Electronics,2,500.0,1000.0,December,12,2025,18-25,19,51,Friday
967,2025-12-20,CUST623,Male,27,Beauty,1,25.0,25.0,December,12,2025,26-35,20,51,Saturday
968,2025-12-20,CUST682,Male,62,Clothing,3,300.0,900.0,December,12,2025,46+,20,51,Saturday
969,2025-12-20,CUST625,Female,34,Clothing,3,300.0,900.0,December,12,2025,26-35,20,51,Saturday
970,2025-12-20,CUST683,Female,43,Electronics,4,500.0,2000.0,December,12,2025,36-45,20,51,Saturday
971,2025-12-20,CUST363,Female,38,Electronics,4,50.0,200.0,December,12,2025,36-45,20,51,Saturday
972,2025-12-21,CUST684,Female,45,Beauty,4,25.0,100.0,December,12,2025,36-45,21,51,Sunday
973,2025-12-22,CUST063,Male,63,Clothing,1,50.0,50.0,December,12,2025,46+,22,52,Monday
974,2025-12-23,CUST685,Female,19,Beauty,1,30.0,30.0,December,12,2025,18-25,23,52,Tuesday
975,2025-12-23,CUST026,Female,60,Clothing,4,50.0,200.0,December,12,2025,46+,23,52,Tuesday
976,2025-12-23,CUST686,Female,18,Beauty,2,300.0,600.0,December,12,2025,18-25,23,52,Tuesday
977,2025-12-23,CUST113,Female,53,Electronics,3,25.0,75.0,December,12,2025,46+,23,52,Tuesday
978,2025-12-23,CUST687,Female,43,Clothing,3,50.0,150.0,December,12,2025,36-45,23,52,Tuesday
979,2025-12-23,CUST211,Male,46,Beauty,1,25.0,25.0,December,12,2025,46+,23,52,Tuesday
980,2025-12-24,CUST688,Male,38,Electronics,3,25.0,75.0,December,12,2025,36-45,24,52,Wednesday
981,2025-12-24,CUST689,Female,28,Electronics,2,30.0,60.0,December,12,2025,26-35,24,52,Wednesday
982,2025-12-25,CUST690,Male,57,Beauty,3,30.0,90.0,December,12,2025,46+,25,52,Thursday
983,2025-12-26,CUST691,Female,28,Clothing,1,300.0,300.0,December,12,2025,26-35,26,52,Friday
984,2025-12-26,CUST692,Female,53,Clothing,1,500.0,500.0,December,12,2025,46+,26,52,Friday
985,2025-12-26,CUST693,Male,56,Electronics,2,25.0,50.0,December,12,2025,46+,26,52,Friday
986,2025-12-26,CUST694,Male,57,Clothing,2,500.0,1000.0,December,12,2025,46+,26,52,Friday
987,2025-12-26,CUST094,Female,52,Clothing,3,300.0,900.0,December,12,2025,46+,26,52,Friday
988,2025-12-26,CUST695,Female,51,Clothing,3,25.0,75.0,December,12,2025,46+,26,52,Friday
989,2025-12-27,CUST696,Female,64,Electronics,1,25.0,25.0,December,12,2025,46+,27,52,Saturday
990,2025-12-27,CUST697,Male,41,Beauty,2,500.0,1000.0,December,12,2025,36-45,27,52,Saturday
991,2025-12-28,CUST198,Female,39,Clothing,2,50.0,100.0,December,12,2025,36-45,28,52,Sunday
992,2025-12-28,CUST698,Female,22,Electronics,2,30.0,60.0,December,12,2025,18-25,28,52,Sunday
993,2025-12-28,CUST699,Female,50,Electronics,3,50.0,150.0,December,12,2025,46+,28,52,Sunday
994,2025-12-29,CUST700,Male,53,Beauty,2,500.0,1000.0,December,12,2025,46+,29,1,Monday
995,2025-12-29,CUST256,Female,64,Clothing,4,30.0,120.0,December,12,2025,46+,29,1,Monday
996,2025-12-29,CUST346,Female,37,Clothing,1,50.0,50.0,December,12,2025,36-45,29,1,Monday
997,2025-12-29,CUST701,Male,36,Beauty,3,30.0,90.0,December,12,2025,36-45,29,1,Monday
998,2025-12-31,CUST443,Female,52,Beauty,4,25.0,100.0,December,12,2025,46+,31,1,Wednesday
999,2025-12-31,CUST702,Female,60,Electronics,3,50.0,150.0,December,12,2025,46+,31,1,Wednesday
1000,2025-12-31,CUST703,Male,34,Electronics,4,30.0,120.0,December,12,2025,26-35,31,1,Wednesday
