Transaction ID,date,Customer ID,Gender,Age,Product Category,Quantity,Price per Unit,Total Amount
1,2025-01-01,CUST001,Male,34,Beauty,3,50,150
2,2025-01-01,CUST002,Female,26,Clothing,2,500,1000
3,2025-01-01,CUST003,Male,50,Electronics,1,30,30
4,2025-01-02,CUST004,Male,37,Clothing,1,500,500
5,2025-01-02,CUST005,Male,30,Beauty,2,50,100
6,2025-01-02,CUST006,Female,45,Beauty,1,30,30
7,2025-01-02,CUST007,Male,46,Clothing,2,25,50
8,2025-01-03,CUST008,Male,30,Electronics,4,25,100
9,2025-01-04,CUST009,Male,63,Electronics,2,300,600
10,2025-01-04,CUST010,Female,52,Clothing,4,50,200
11,2025-01-04,CUST011,Male,23,Clothing,2,50,100
12,2025-01-05,CUST012,Male,35,Beauty,3,25,75
13,2025-01-05,CUST013,Male,22,Electronics,3,500,1500
14,2025-01-05,CUST014,Male,64,Clothing,4,30,120
15,2025-01-06,CUST015,Female,42,Electronics,4,500,2000
16,2025-01-06,CUST016,Male,19,Clothing,3,500,1500
17,2025-01-07,CUST017,Female,27,Clothing,4,25,100
18,2025-01-07,CUST018,Female,47,Electronics,2,25,50
19,2025-01-08,CUST019,Female,62,Clothing,2,25,50
20,2025-01-08,CUST020,Male,22,Clothing,3,300,900
21,2025-01-09,CUST021,Female,50,Beauty,1,500,500
22,2025-01-10,CUST022,Male,18,Clothing,2,50,100
23,2025-01-10,CUST023,Female,35,Clothing,4,30,120
24,2025-01-11,CUST024,Female,49,Clothing,1,300,300
25,2025-01-11,CUST025,Female,64,Beauty,1,50,50
26,2025-01-11,CUST026,Female,28,Electronics,2,500,1000
27,2025-01-13,CUST027,Female,38,Beauty,2,25,50
28,2025-01-13,CUST028,Female,43,Beauty,1,500,500
29,2025-01-13,CUST029,Female,42,Electronics,1,30,30
30,2025-01-13,CUST030,Female,39,Beauty,3,300,900
31,2025-01-14,CUST031,Male,44,Electronics,4,300,1200
32,2025-01-14,CUST032,Male,30,Beauty,3,30,90
33,2025-01-14,CUST033,Female,50,Electronics,2,50,100
34,2025-01-14,CUST034,Female,51,Clothing,3,50,150
35,2025-01-15,CUST035,Female,58,Beauty,3,300,900
36,2025-01-15,CUST036,Male,52,Beauty,3,300,900
37,2025-01-15,CUST037,Female,18,Beauty,3,25,75
38,2025-01-16,CUST038,Male,38,Beauty,4,50,200
39,2025-01-16,CUST039,Male,23,Clothing,4,30,120
40,2025-01-17,CUST040,Male,45,Beauty,1,50,50
41,2025-01-17,CUST041,Male,34,Clothing,2,25,50
42,2025-01-17,CUST042,Male,22,Clothing,3,300,900
43,2025-01-17,CUST043,Female,48,Clothing,1,300,300
44,2025-01-19,CUST044,Female,22,Clothing,1,25,25
45,2025-01-20,CUST045,Female,55,Electronics,1,30,30
46,2025-01-20,CUST046,Female,20,Electronics,4,300,1200
47,2025-01-21,CUST047,Female,40,Beauty,3,500,1500
48,2025-01-21,CUST048,Male,54,Electronics,3,300,900
49,2025-01-21,CUST049,Female,54,Electronics,2,500,1000
50,2025-01-22,CUST050,Female,27,Beauty,3,25,75
51,2025-01-22,CUST051,Male,27,Beauty,3,25,75
52,2025-01-23,CUST052,Female,36,Beauty,1,300,300
53,2025-01-23,CUST053,Male,34,Electronics,2,50,100
54,2025-01-23,CUST054,Female,38,Electronics,3,500,1500
55,2025-01-24,CUST055,Male,31,Beauty,4,30,120
56,2025-01-24,CUST056,Female,26,Clothing,3,300,900
57,2025-01-24,CUST057,Female,63,Beauty,1,30,30
58,2025-01-25,CUST058,Male,18,Clothing,4,300,1200
59,2025-01-26,CUST059,Male,62,Clothing,1,50,50
60,2025-01-26,CUST060,Male,30,Beauty,3,50,150
61,2025-01-26,CUST061,Male,21,Beauty,4,50,200
62,2025-01-26,CUST062,Male,18,Beauty,2,50,100
63,2025-01-27,CUST063,Male,57,Electronics,2,25,50
64,2025-01-27,CUST064,Male,49,Clothing,4,25,100
65,2025-01-27,CUST065,Male,51,Electronics,4,500,2000
66,2025-01-28,CUST066,Female,45,Electronics,1,30,30
67,2025-01-28,CUST067,Female,48,Beauty,4,300,1200
68,2025-01-28,CUST068,Male,25,Electronics,1,300,300
69,2025-01-29,CUST069,Female,56,Beauty,3,25,75
70,2025-01-30,CUST070,Female,43,Clothing,1,300,300
71,2025-01-30,CUST071,Female,51,Beauty,4,25,100
72,2025-01-30,CUST072,Female,20,Electronics,4,500,2000
73,2025-01-30,CUST073,Male,29,Electronics,3,30,90
74,2025-01-31,CUST074,Female,18,Beauty,4,500,2000
75,2025-01-31,CUST075,Male,61,Beauty,4,50,200
76,2025-01-31,CUST076,Female,22,Electronics,2,50,100
77,2025-02-01,CUST077,Female,47,Clothing,2,50,100
78,2025-02-01,CUST078,Female,47,Clothing,3,500,1500
79,2025-02-01,CUST079,Male,34,Beauty,1,300,300
80,2025-02-02,CUST080,Female,64,Clothing,2,30,60
81,2025-02-02,CUST081,Male,40,Electronics,1,50,50
82,2025-02-02,CUST082,Female,32,Beauty,4,50,200
83,2025-02-03,CUST083,Male,54,Electronics,2,50,100
84,2025-02-03,CUST084,Female,38,Electronics,3,30,90
85,2025-02-04,CUST085,Male,31,Clothing,3,50,150
86,2025-02-04,CUST086,Male,19,Beauty,3,30,90
87,2025-02-05,CUST087,Female,28,Beauty,2,50,100
88,2025-02-05,CUST088,Male,56,Clothing,1,500,500
89,2025-02-05,CUST089,Female,55,Electronics,4,500,2000
90,2025-02-05,CUST090,Female,51,Electronics,1,30,30
91,2025-02-05,CUST091,Female,55,Electronics,1,500,500
92,2025-02-05,CUST092,Female,51,Electronics,4,30,120
93,2025-02-05,CUST093,Female,35,Beauty,4,500,2000
94,2025-02-05,CUST094,Female,47,Beauty,2,500,1000
95,2025-02-06,CUST095,Female,32,Clothing,2,30,60
96,2025-02-06,CUST096,Female,44,Clothing,2,300,600
97,2025-02-06,CUST097,Female,51,Beauty,2,500,1000
98,2025-02-06,CUST098,Female,55,Beauty,2,50,100
99,2025-02-07,CUST099,Female,50,Electronics,4,300,1200
100,2025-02-07,CUST100,Male,41,Electronics,1,30,30
101,2025-02-07,CUST101,Male,32,Clothing,2,300,600
102,2025-02-07,CUST102,Female,47,Beauty,2,25,50
103,2025-02-08,CUST103,Female,59,Clothing,1,25,25
104,2025-02-08,CUST104,Female,34,Beauty,2,500,1000
105,2025-02-08,CUST105,Female,22,Electronics,1,500,500
106,2025-02-08,CUST106,Female,46,Clothing,1,50,50
107,2025-02-09,CUST107,Female,21,Clothing,4,300,1200
108,2025-02-10,CUST108,Female,27,Beauty,3,25,75
109,2025-02-10,CUST109,Female,34,Electronics,4,500,2000
110,2025-02-10,CUST110,Male,27,Clothing,3,300,900
111,2025-02-11,CUST111,Female,34,Electronics,3,500,1500
112,2025-02-11,CUST112,Male,37,Clothing,3,500,1500
113,2025-02-11,CUST113,Female,41,Electronics,2,25,50
114,2025-02-11,CUST114,Female,22,Beauty,4,25,100
115,2025-02-11,CUST115,Male,51,Clothing,3,500,1500
116,2025-02-12,CUST116,Female,23,Clothing,1,30,30
117,2025-02-13,CUST117,Male,19,Electronics,2,500,1000
118,2025-02-13,CUST118,Female,30,Electronics,1,500,500
119,2025-02-13,CUST119,Female,60,Clothing,3,50,150
120,2025-02-13,CUST120,Male,60,Beauty,1,50,50
121,2025-02-14,CUST121,Female,28,Electronics,4,50,200
122,2025-02-14,CUST122,Male,64,Electronics,4,30,120
123,2025-02-16,CUST123,Female,40,Electronics,2,30,60
124,2025-02-17,CUST124,Male,33,Clothing,4,500,2000
125,2025-02-17,CUST125,Male,48,Clothing,2,50,100
126,2025-02-17,CUST126,Female,28,Clothing,3,30,90
127,2025-02-17,CUST127,Female,33,Clothing,2,25,50
128,2025-02-17,CUST128,Male,25,Beauty,1,500,500
129,2025-02-17,CUST129,Female,21,Beauty,2,300,600
130,2025-02-18,CUST130,Female,57,Clothing,2,500,1000
131,2025-02-19,CUST131,Female,21,Beauty,2,300,600
132,2025-02-19,CUST132,Male,42,Electronics,4,50,200
133,2025-02-20,CUST133,Male,20,Electronics,3,300,900
134,2025-02-20,CUST134,Male,49,Electronics,1,50,50
135,2025-02-20,CUST135,Male,20,Clothing,2,25,50
136,2025-02-21,CUST136,Male,44,Electronics,2,300,600
137,2025-02-21,CUST137,Male,46,Beauty,2,500,1000
138,2025-02-21,CUST138,Male,49,Clothing,4,50,200
139,2025-02-22,CUST139,Male,36,Beauty,4,500,2000
140,2025-02-22,CUST140,Male,38,Electronics,1,30,30
141,2025-02-22,CUST141,Female,22,Electronics,1,50,50
142,2025-02-22,CUST142,Male,35,Electronics,4,300,1200
143,2025-02-22,CUST143,Female,45,Clothing,4,50,200
144,2025-02-23,CUST144,Female,59,Beauty,3,500,1500
145,2025-02-24,CUST145,Female,39,Clothing,3,25,75
146,2025-02-24,CUST146,Male,38,Clothing,4,50,200
147,2025-02-24,CUST147,Male,23,Electronics,1,300,300
148,2025-02-24,CUST148,Male,18,Clothing,2,30,60
149,2025-02-25,CUST149,Male,22,Clothing,3,25,75
150,2025-02-25,CUST150,Female,58,Electronics,4,30,120
151,2025-02-25,CUST151,Male,29,Clothing,1,50,50
152,2025-02-25,CUST152,Male,43,Electronics,4,500,2000
153,2025-02-26,CUST153,Male,63,Electronics,2,500,1000
154,2025-02-27,CUST154,Male,51,Electronics,3,300,900
155,2025-02-27,CUST155,Male,31,Electronics,4,500,2000
156,2025-02-27,CUST156,Female,43,Clothing,4,25,100
157,2025-02-27,CUST157,Male,62,Electronics,4,500,2000
158,2025-02-28,CUST158,Female,44,Electronics,3,300,900
159,2025-02-28,CUST159,Male,26,Clothing,4,50,200
160,2025-02-28,CUST160,Female,43,Clothing,2,50,100
161,2025-02-28,CUST161,Male,64,Beauty,2,500,1000
162,2025-03-01,CUST162,Male,39,Clothing,2,30,60
163,2025-03-01,CUST163,Female,64,Clothing,3,50,150
164,2025-03-01,CUST164,Female,47,Beauty,3,500,1500
165,2025-03-02,CUST094,Female,47,Clothing,4,300,1200
166,2025-03-03,CUST097,Female,51,Clothing,4,500,2000
167,2025-03-03,CUST098,Female,55,Clothing,3,50,150
168,2025-03-03,CUST102,Female,47,Clothing,1,300,300
169,2025-03-03,CUST104,Female,34,Beauty,3,500,1500
170,2025-03-03,CUST108,Female,27,Clothing,2,25,50
171,2025-03-04,CUST114,Female,22,Clothing,3,300,900
172,2025-03-05,CUST120,Male,60,Beauty,2,25,50
173,2025-03-05,CUST128,Male,25,Electronics,4,30,120
174,2025-03-06,CUST129,Female,21,Beauty,1,300,300
175,2025-03-06,CUST131,Female,21,Electronics,4,25,100
176,2025-03-06,CUST137,Male,46,Beauty,2,50,100
177,2025-03-06,CUST139,Male,36,Beauty,2,50,100
178,2025-03-07,CUST144,Female,59,Clothing,2,30,60
179,2025-03-07,CUST161,Male,64,Electronics,1,300,300
180,2025-03-07,CUST164,Female,47,Clothing,3,300,900
181,2025-03-07,CUST169,Male,18,Electronics,4,300,1200
182,2025-03-08,CUST172,Male,32,Beauty,4,30,120
183,2025-03-09,CUST174,Female,39,Beauty,3,300,900
184,2025-03-09,CUST176,Female,43,Electronics,4,50,200
185,2025-03-09,CUST177,Male,45,Clothing,1,25,25
186,2025-03-10,CUST182,Male,62,Clothing,4,50,200
187,2025-03-10,CUST183,Female,43,Clothing,2,50,100
188,2025-03-11,CUST189,Male,63,Clothing,3,25,75
189,2025-03-12,CUST190,Female,60,Beauty,1,50,50
190,2025-03-12,CUST191,Male,64,Beauty,3,30,90
191,2025-03-13,CUST192,Male,62,Beauty,1,25,25
192,2025-03-13,CUST193,Male,35,Beauty,2,50,100
193,2025-03-13,CUST198,Female,54,Beauty,3,500,1500
194,2025-03-15,CUST199,Male,45,Clothing,4,50,200
195,2025-03-17,CUST200,Male,27,Clothing,1,30,30
196,2025-03-17,CUST204,Male,39,Clothing,3,300,900
197,2025-03-17,CUST207,Female,42,Clothing,4,50,200
198,2025-03-18,CUST211,Male,42,Beauty,3,300,900
199,2025-03-18,CUST213,Male,27,Beauty,3,500,1500
200,2025-03-19,CUST214,Male,20,Beauty,3,50,150
201,2025-03-19,CUST218,Male,64,Electronics,1,25,25
202,2025-03-20,CUST220,Male,64,Clothing,4,300,1200
203,2025-03-20,CUST221,Male,39,Clothing,2,500,1000
204,2025-03-20,CUST225,Female,57,Beauty,1,25,25
205,2025-03-20,CUST229,Male,58,Clothing,1,25,25
206,2025-03-20,CUST230,Male,54,Clothing,1,25,25
207,2025-03-21,CUST232,Female,43,Beauty,2,25,50
208,2025-03-21,CUST233,Female,51,Electronics,4,50,200
209,2025-03-21,CUST237,Female,50,Electronics,4,50,200
210,2025-03-21,CUST238,Female,39,Electronics,4,50,200
211,2025-03-22,CUST240,Female,23,Beauty,3,500,1500
212,2025-03-22,CUST244,Male,28,Clothing,3,500,1500
213,2025-03-22,CUST251,Female,57,Beauty,3,500,1500
214,2025-03-22,CUST257,Male,19,Beauty,2,30,60
215,2025-03-22,CUST165,Female,60,Clothing,3,500,1500
216,2025-03-23,CUST166,Male,34,Electronics,2,50,100
217,2025-03-23,CUST167,Female,43,Electronics,4,50,200
218,2025-03-23,CUST168,Male,53,Beauty,3,30,90
219,2025-03-23,CUST169,Male,18,Electronics,3,30,90
220,2025-03-24,CUST170,Female,25,Beauty,1,500,500
221,2025-03-24,CUST171,Female,52,Beauty,2,300,600
222,2025-03-25,CUST172,Male,32,Clothing,4,30,120
223,2025-03-25,CUST173,Male,64,Clothing,1,25,25
224,2025-03-25,CUST174,Female,39,Clothing,1,50,50
225,2025-03-25,CUST175,Female,31,Beauty,4,25,100
226,2025-03-26,CUST176,Female,43,Clothing,1,50,50
227,2025-03-26,CUST177,Male,45,Electronics,2,50,100
228,2025-03-26,CUST178,Male,40,Electronics,2,30,60
229,2025-03-27,CUST179,Male,31,Beauty,3,30,90
230,2025-03-27,CUST180,Male,41,Beauty,1,25,25
231,2025-03-28,CUST181,Male,19,Clothing,3,50,150
232,2025-03-29,CUST182,Male,62,Beauty,1,25,25
233,2025-03-30,CUST183,Female,43,Beauty,2,300,600
234,2025-03-31,CUST184,Male,31,Electronics,2,25,50
235,2025-04-01,CUST185,Male,24,Electronics,2,500,1000
236,2025-04-01,CUST186,Male,20,Clothing,1,25,25
237,2025-04-01,CUST187,Female,64,Beauty,2,500,1000
238,2025-04-02,CUST188,Male,40,Beauty,1,500,500
239,2025-04-02,CUST189,Male,63,Electronics,3,500,1500
240,2025-04-02,CUST190,Female,60,Beauty,1,300,300
241,2025-04-02,CUST191,Male,64,Electronics,3,25,75
242,2025-04-04,CUST192,Male,62,Clothing,1,25,25
243,2025-04-04,CUST193,Male,35,Electronics,3,300,900
244,2025-04-04,CUST194,Male,55,Beauty,2,50,100
245,2025-04-05,CUST195,Male,52,Clothing,3,30,90
246,2025-04-05,CUST196,Female,32,Electronics,2,25,50
247,2025-04-06,CUST197,Female,42,Electronics,2,30,60
248,2025-04-08,CUST198,Female,54,Clothing,3,300,900
249,2025-04-08,CUST199,Male,45,Clothing,1,50,50
250,2025-04-08,CUST200,Male,27,Electronics,1,50,50
251,2025-04-08,CUST201,Male,56,Beauty,4,50,200
252,2025-04-08,CUST202,Female,34,Electronics,1,300,300
253,2025-04-09,CUST203,Male,56,Clothing,4,500,2000
254,2025-04-09,CUST204,Male,39,Electronics,1,500,500
255,2025-04-09,CUST205,Female,43,Clothing,1,30,30
256,2025-04-09,CUST206,Male,61,Clothing,2,500,1000
257,2025-04-09,CUST207,Female,42,Beauty,4,500,2000
258,2025-04-09,CUST208,Female,34,Clothing,6,50,300
259,2025-04-10,CUST209,Female,30,Clothing,4,50,200
260,2025-04-10,CUST210,Male,37,Beauty,2,30,60
261,2025-04-11,CUST211,Male,42,Clothing,2,25,50
262,2025-04-12,CUST212,Male,21,Beauty,4,30,120
263,2025-04-12,CUST213,Male,27,Beauty,2,30,60
264,2025-04-12,CUST214,Male,20,Clothing,3,300,900
265,2025-04-12,CUST215,Male,58,Clothing,3,300,900
266,2025-04-12,CUST216,Male,62,Electronics,2,30,60
267,2025-04-13,CUST217,Female,35,Beauty,3,30,90
268,2025-04-13,CUST218,Male,64,Electronics,1,30,30
269,2025-04-13,CUST219,Female,53,Clothing,4,500,2000
270,2025-04-15,CUST220,Male,64,Electronics,1,300,300
271,2025-04-15,CUST221,Male,39,Beauty,4,30,120
272,2025-04-16,CUST222,Male,51,Electronics,2,50,100
273,2025-04-17,CUST223,Female,64,Beauty,1,50,50
274,2025-04-18,CUST224,Female,25,Clothing,2,500,1000
275,2025-04-18,CUST225,Female,57,Clothing,2,500,1000
276,2025-04-18,CUST226,Female,61,Beauty,4,25,100
277,2025-04-18,CUST227,Male,36,Clothing,4,25,100
278,2025-04-19,CUST228,Female,59,Clothing,4,25,100
279,2025-04-19,CUST229,Male,58,Clothing,1,500,500
280,2025-04-19,CUST230,Male,54,Clothing,3,500,1500
281,2025-04-19,CUST231,Female,23,Beauty,4,500,2000
282,2025-04-19,CUST232,Female,43,Electronics,4,50,200
283,2025-04-19,CUST233,Female,51,Electronics,1,500,500
284,2025-04-20,CUST234,Female,62,Clothing,4,50,200
285,2025-04-20,CUST235,Female,23,Electronics,1,25,25
286,2025-04-20,CUST236,Female,54,Electronics,2,25,50
287,2025-04-20,CUST237,Female,50,Clothing,4,25,100
288,2025-04-20,CUST238,Female,39,Clothing,4,30,120
289,2025-04-21,CUST239,Male,38,Electronics,2,30,60
290,2025-04-21,CUST240,Female,23,Beauty,2,300,600
291,2025-04-22,CUST241,Female,23,Clothing,2,300,600
292,2025-04-22,CUST242,Male,21,Beauty,4,300,1200
293,2025-04-22,CUST243,Female,47,Electronics,3,30,90
294,2025-04-23,CUST244,Male,28,Clothing,3,30,90
295,2025-04-23,CUST245,Male,47,Beauty,3,300,900
296,2025-04-23,CUST246,Female,48,Clothing,4,300,1200
297,2025-04-23,CUST247,Male,41,Electronics,2,500,1000
298,2025-04-23,CUST248,Male,26,Beauty,4,300,1200
299,2025-04-23,CUST249,Male,20,Electronics,2,500,1000
300,2025-04-23,CUST250,Male,48,Electronics,4,50,200
301,2025-04-24,CUST251,Female,57,Clothing,4,30,120
302,2025-04-24,CUST252,Male,54,Beauty,2,300,600
303,2025-04-25,CUST253,Female,53,Electronics,3,30,90
304,2025-04-25,CUST254,Male,41,Electronics,2,30,60
305,2025-04-25,CUST255,Male,48,Beauty,1,30,30
306,2025-04-26,CUST256,Male,23,Electronics,1,50,50
307,2025-04-26,CUST257,Male,19,Electronics,2,25,50
308,2025-04-26,CUST258,Female,37,Beauty,4,300,1200
309,2025-04-27,CUST259,Female,45,Beauty,1,25,25
310,2025-04-27,CUST260,Male,28,Beauty,1,25,25
311,2025-04-27,CUST261,Male,21,Beauty,4,25,100
312,2025-04-28,CUST262,Female,32,Clothing,4,30,120
313,2025-04-28,CUST263,Male,23,Beauty,3,500,1500
314,2025-04-28,CUST264,Male,47,Clothing,4,30,120
315,2025-04-29,CUST265,Male,55,Clothing,2,30,60
316,2025-04-29,CUST266,Female,19,Clothing,2,25,50
317,2025-04-29,CUST267,Female,32,Electronics,3,30,90
318,2025-04-30,CUST268,Female,28,Clothing,1,25,25
319,2025-04-30,CUST269,Male,25,Clothing,1,500,500
320,2025-04-30,CUST270,Male,43,Electronics,4,300,1200
321,2025-05-01,CUST271,Female,62,Electronics,2,25,50
322,2025-05-01,CUST272,Female,61,Electronics,1,500,500
323,2025-05-01,CUST273,Female,22,Beauty,3,300,900
324,2025-05-02,CUST274,Female,23,Electronics,3,50,150
325,2025-05-02,CUST275,Male,43,Electronics,2,25,50
326,2025-05-02,CUST276,Female,21,Clothing,3,25,75
327,2025-05-03,CUST277,Male,36,Electronics,3,50,150
328,2025-05-03,CUST278,Female,37,Beauty,2,50,100
329,2025-05-03,CUST279,Male,50,Electronics,4,25,100
330,2025-05-03,CUST280,Female,37,Beauty,4,50,200
331,2025-05-03,CUST281,Female,29,Electronics,3,30,90
332,2025-05-04,CUST282,Female,64,Electronics,4,300,1200
333,2025-05-04,CUST283,Female,18,Electronics,4,300,1200
334,2025-05-04,CUST284,Male,43,Electronics,3,300,900
335,2025-05-05,CUST285,Female,31,Beauty,4,30,120
336,2025-05-05,CUST286,Male,55,Beauty,3,50,150
337,2025-05-05,CUST287,Male,54,Clothing,1,500,500
338,2025-05-05,CUST288,Male,28,Beauty,2,50,100
339,2025-05-05,CUST289,Male,53,Electronics,2,25,50
340,2025-05-06,CUST290,Female,30,Clothing,4,300,1200
341,2025-05-06,CUST291,Male,60,Clothing,4,50,200
342,2025-05-06,CUST292,Male,20,Clothing,4,500,2000
343,2025-05-06,CUST293,Male,50,Electronics,2,25,50
344,2025-05-06,CUST294,Female,23,Beauty,1,30,30
345,2025-05-07,CUST295,Female,27,Electronics,1,30,30
346,2025-05-07,CUST296,Female,22,Clothing,2,500,1000
347,2025-05-07,CUST297,Female,40,Electronics,1,25,25
348,2025-05-07,CUST298,Male,27,Electronics,2,300,600
349,2025-05-07,CUST299,Male,61,Beauty,1,50,50
350,2025-05-08,CUST300,Female,19,Beauty,3,25,75
351,2025-05-08,CUST301,Male,30,Clothing,3,30,90
352,2025-05-08,CUST302,Male,57,Electronics,2,500,1000
353,2025-05-08,CUST303,Male,19,Electronics,1,500,500
354,2025-05-08,CUST304,Female,37,Beauty,4,50,200
355,2025-05-08,CUST305,Female,18,Electronics,1,500,500
356,2025-05-09,CUST306,Male,54,Electronics,3,500,1500
357,2025-05-09,CUST307,Female,26,Electronics,3,25,75
358,2025-05-09,CUST308,Female,34,Beauty,1,300,300
359,2025-05-10,CUST309,Female,26,Clothing,1,50,50
360,2025-05-10,CUST310,Female,28,Clothing,4,25,100
361,2025-05-11,CUST311,Female,32,Electronics,4,300,1200
362,2025-05-12,CUST312,Male,41,Clothing,1,25,25
363,2025-05-13,CUST313,Female,55,Beauty,7,25,175
364,2025-05-13,CUST314,Male,52,Beauty,1,500,500
365,2025-05-14,CUST315,Male,47,Clothing,1,300,300
366,2025-05-14,CUST316,Female,48,Clothing,2,50,100
367,2025-05-14,CUST260,Male,28,Electronics,1,50,50
368,2025-05-15,CUST262,Female,32,Clothing,4,300,1200
369,2025-05-15,CUST263,Male,23,Electronics,1,500,500
370,2025-05-15,CUST267,Female,32,Electronics,2,30,60
371,2025-05-16,CUST271,Female,62,Beauty,1,25,25
372,2025-05-16,CUST273,Female,22,Beauty,3,500,1500
373,2025-05-16,CUST276,Female,21,Beauty,2,300,600
374,2025-05-16,CUST281,Female,29,Beauty,3,25,75
375,2025-05-16,CUST290,Female,30,Clothing,1,50,50
376,2025-05-16,CUST292,Male,20,Beauty,1,30,30
377,2025-05-16,CUST295,Female,27,Clothing,4,50,200
378,2025-05-16,CUST298,Male,27,Beauty,1,300,300
379,2025-05-16,CUST302,Male,57,Clothing,1,25,25
380,2025-05-16,CUST305,Female,18,Electronics,2,300,600
381,2025-05-16,CUST308,Female,34,Clothing,4,25,100
382,2025-05-17,CUST309,Female,26,Clothing,2,500,1000
383,2025-05-17,CUST310,Female,28,Beauty,3,30,90
384,2025-05-17,CUST311,Female,32,Clothing,5,500,2500
385,2025-05-18,CUST313,Female,55,Electronics,3,500,1500
386,2025-05-18,CUST323,Female,29,Electronics,2,300,600
387,2025-05-19,CUST328,Male,39,Beauty,1,30,30
388,2025-05-19,CUST330,Female,25,Electronics,1,25,25
389,2025-05-19,CUST335,Female,47,Clothing,2,25,50
390,2025-05-20,CUST336,Female,52,Electronics,2,50,100
391,2025-05-20,CUST338,Male,54,Beauty,2,25,50
392,2025-05-20,CUST344,Female,42,Clothing,2,300,600
393,2025-05-21,CUST349,Female,57,Beauty,2,500,1000
394,2025-05-21,CUST350,Male,25,Clothing,1,500,500
395,2025-05-21,CUST354,Female,49,Electronics,2,500,1000
396,2025-05-22,CUST358,Female,32,Beauty,1,30,30
397,2025-05-22,CUST363,Male,64,Beauty,1,25,25
398,2025-05-22,CUST364,Female,19,Clothing,2,300,600
399,2025-05-22,CUST371,Female,20,Beauty,2,30,60
400,2025-05-23,CUST372,Female,24,Clothing,4,50,200
401,2025-05-23,CUST373,Female,25,Clothing,1,300,300
402,2025-05-23,CUST374,Female,59,Clothing,2,300,600
403,2025-05-23,CUST376,Female,64,Clothing,2,300,600
404,2025-05-23,CUST378,Male,50,Electronics,2,500,1000
405,2025-05-23,CUST383,Female,46,Clothing,4,300,1200
406,2025-05-23,CUST387,Male,44,Beauty,4,25,100
407,2025-05-23,CUST391,Male,19,Electronics,3,300,900
408,2025-05-23,CUST393,Female,22,Beauty,1,500,500
409,2025-05-24,CUST396,Female,55,Electronics,3,300,900
410,2025-05-25,CUST397,Female,30,Clothing,2,50,100
411,2025-05-25,CUST399,Female,64,Electronics,4,50,200
412,2025-05-25,CUST406,Female,22,Electronics,4,500,2000
413,2025-05-26,CUST408,Female,64,Beauty,3,25,75
414,2025-05-26,CUST413,Female,44,Beauty,4,25,100
415,2025-05-26,CUST414,Male,48,Clothing,2,30,60
416,2025-05-27,CUST317,Male,22,Electronics,4,500,2000
417,2025-05-27,CUST318,Male,61,Electronics,3,300,900
418,2025-05-27,CUST319,Male,31,Electronics,2,500,1000
419,2025-05-28,CUST320,Female,28,Clothing,3,30,90
420,2025-05-29,CUST321,Female,26,Clothing,4,500,2000
421,2025-05-30,CUST322,Male,51,Clothing,3,500,1500
422,2025-05-30,CUST323,Female,29,Clothing,3,30,90
423,2025-05-31,CUST324,Female,52,Clothing,1,25,25
424,2025-05-31,CUST325,Female,52,Beauty,4,300,1200
425,2025-05-31,CUST326,Female,18,Electronics,4,30,120
426,2025-06-01,CUST327,Male,57,Electronics,3,50,150
427,2025-06-01,CUST328,Male,39,Electronics,1,25,25
428,2025-06-01,CUST329,Female,46,Electronics,4,50,200
429,2025-06-02,CUST330,Female,25,Electronics,2,25,50
430,2025-06-02,CUST331,Male,28,Electronics,3,300,900
431,2025-06-02,CUST332,Male,58,Electronics,4,300,1200
432,2025-06-03,CUST333,Female,54,Electronics,2,500,1000
433,2025-06-03,CUST334,Male,31,Beauty,4,50,200
434,2025-06-03,CUST335,Female,47,Electronics,2,25,50
435,2025-06-04,CUST336,Female,52,Beauty,3,300,900
436,2025-06-04,CUST337,Male,38,Clothing,4,30,120
437,2025-06-04,CUST338,Male,54,Electronics,4,300,1200
438,2025-06-04,CUST339,Female,22,Clothing,1,30,30
439,2025-06-05,CUST340,Female,36,Clothing,3,25,75
440,2025-06-05,CUST341,Male,31,Clothing,2,300,600
441,2025-06-06,CUST342,Female,43,Beauty,4,300,1200
442,2025-06-06,CUST343,Male,21,Clothing,4,25,100
443,2025-06-06,CUST344,Female,42,Clothing,2,300,600
444,2025-06-06,CUST345,Male,62,Clothing,3,30,90
445,2025-06-07,CUST346,Male,59,Electronics,1,300,300
446,2025-06-07,CUST347,Male,42,Electronics,1,50,50
447,2025-06-08,CUST348,Female,35,Beauty,1,500,500
448,2025-06-08,CUST349,Female,57,Beauty,2,30,60
449,2025-06-09,CUST350,Male,25,Electronics,4,50,200
450,2025-06-09,CUST351,Female,56,Beauty,2,25,50
451,2025-06-09,CUST352,Male,57,Electronics,1,30,30
452,2025-06-10,CUST353,Male,31,Clothing,3,500,1500
453,2025-06-10,CUST354,Female,49,Clothing,2,500,1000
454,2025-06-10,CUST355,Female,55,Beauty,1,25,25
455,2025-06-10,CUST356,Male,50,Electronics,4,25,100
456,2025-06-11,CUST357,Female,40,Electronics,2,30,60
457,2025-06-11,CUST358,Female,32,Beauty,3,300,900
458,2025-06-11,CUST359,Male,50,Electronics,4,25,100
459,2025-06-11,CUST360,Male,42,Clothing,4,300,1200
460,2025-06-11,CUST361,Female,34,Beauty,1,50,50
461,2025-06-12,CUST362,Male,50,Beauty,2,500,1000
462,2025-06-13,CUST363,Male,64,Electronics,4,300,1200
463,2025-06-14,CUST364,Female,19,Beauty,3,500,1500
464,2025-06-15,CUST365,Male,31,Electronics,2,300,600
465,2025-06-15,CUST366,Male,57,Electronics,3,50,150
466,2025-06-16,CUST367,Female,57,Electronics,4,25,100
467,2025-06-16,CUST368,Female,56,Electronics,3,50,150
468,2025-06-17,CUST369,Male,23,Electronics,1,25,25
469,2025-06-17,CUST370,Male,23,Beauty,3,25,75
470,2025-06-17,CUST371,Female,20,Clothing,2,500,1000
471,2025-06-18,CUST372,Female,24,Clothing,3,50,150
472,2025-06-19,CUST373,Female,25,Beauty,3,300,900
473,2025-06-19,CUST374,Female,59,Beauty,1,50,50
474,2025-06-19,CUST375,Male,32,Clothing,3,500,1500
475,2025-06-19,CUST376,Female,64,Clothing,3,25,75
476,2025-06-19,CUST377,Female,46,Clothing,4,500,2000
477,2025-06-20,CUST378,Male,50,Clothing,4,30,120
478,2025-06-20,CUST379,Female,47,Clothing,6,30,180
479,2025-06-21,CUST380,Male,56,Electronics,4,300,1200
480,2025-06-21,CUST381,Female,44,Beauty,4,500,2000
481,2025-06-22,CUST382,Female,53,Electronics,4,300,1200
482,2025-06-22,CUST383,Female,46,Clothing,4,300,1200
483,2025-06-22,CUST384,Male,55,Clothing,1,30,30
484,2025-06-22,CUST385,Male,50,Clothing,4,300,1200
485,2025-06-23,CUST386,Female,54,Electronics,1,30,30
486,2025-06-23,CUST387,Male,44,Electronics,1,25,25
487,2025-06-24,CUST388,Male,50,Clothing,4,500,2000
488,2025-06-24,CUST389,Male,21,Electronics,3,300,900
489,2025-06-24,CUST390,Male,39,Electronics,1,30,30
490,2025-06-24,CUST391,Male,19,Clothing,3,50,150
491,2025-06-24,CUST392,Male,27,Electronics,3,300,900
492,2025-06-25,CUST393,Female,22,Beauty,4,25,100
493,2025-06-26,CUST394,Female,27,Beauty,2,25,50
494,2025-06-26,CUST395,Male,50,Beauty,4,50,200
495,2025-06-26,CUST396,Female,55,Beauty,2,30,60
496,2025-06-27,CUST397,Female,30,Clothing,2,300,600
497,2025-06-28,CUST398,Female,48,Clothing,4,30,120
498,2025-06-29,CUST399,Female,64,Clothing,4,25,100
499,2025-06-29,CUST400,Male,53,Beauty,2,30,60
500,2025-06-29,CUST401,Female,62,Beauty,4,25,100
501,2025-06-30,CUST402,Female,41,Electronics,2,30,60
502,2025-06-30,CUST403,Male,32,Electronics,3,50,150
503,2025-07-01,CUST404,Male,46,Beauty,4,500,2000
504,2025-07-01,CUST405,Female,25,Beauty,3,50,150
505,2025-07-01,CUST406,Female,22,Beauty,1,50,50
506,2025-07-01,CUST407,Female,46,Beauty,5,500,2500
507,2025-07-03,CUST408,Female,64,Electronics,3,500,1500
508,2025-07-03,CUST409,Female,21,Beauty,2,300,600
509,2025-07-04,CUST410,Female,29,Electronics,3,300,900
510,2025-07-05,CUST411,Male,62,Beauty,4,50,200
511,2025-07-05,CUST412,Female,19,Beauty,2,50,100
512,2025-07-05,CUST567,Female,25,Beauty,1,25,25
513,2025-07-05,CUST570,Male,49,Electronics,4,25,100
514,2025-07-06,CUST572,Male,31,Electronics,1,300,300
515,2025-07-06,CUST575,Male,60,Clothing,3,300,900
516,2025-07-06,CUST578,Female,54,Beauty,4,25,100
517,2025-07-08,CUST580,Female,31,Clothing,4,25,100
518,2025-07-08,CUST582,Male,35,Clothing,1,30,30
519,2025-07-09,CUST585,Female,24,Electronics,4,30,120
520,2025-07-09,CUST590,Male,36,Electronics,4,25,100
521,2025-07-09,CUST595,Female,18,Clothing,4,30,120
522,2025-07-09,CUST601,Male,19,Beauty,3,500,1500
523,2025-07-11,CUST603,Female,40,Electronics,1,300,300
524,2025-07-11,CUST607,Male,54,Beauty,4,300,1200
525,2025-07-12,CUST609,Female,47,Beauty,2,25,50
526,2025-07-13,CUST613,Female,52,Clothing,2,50,100
527,2025-07-14,CUST615,Female,61,Clothing,2,25,50
528,2025-07-14,CUST616,Male,41,Clothing,2,30,60
529,2025-07-14,CUST623,Male,34,Clothing,3,50,150
530,2025-07-14,CUST625,Male,31,Electronics,4,30,120
531,2025-07-14,CUST626,Female,26,Electronics,1,500,500
532,2025-07-14,CUST627,Male,57,Clothing,4,30,120
533,2025-07-14,CUST630,Male,42,Electronics,3,500,1500
534,2025-07-14,CUST637,Male,43,Clothing,2,500,1000
535,2025-07-14,CUST642,Female,54,Beauty,3,30,90
536,2025-07-14,CUST646,Male,38,Beauty,4,30,120
537,2025-07-15,CUST647,Male,59,Beauty,1,500,500
538,2025-07-15,CUST649,Female,58,Clothing,3,50,150
539,2025-07-16,CUST651,Male,51,Beauty,6,500,3000
540,2025-07-16,CUST653,Male,54,Electronics,3,300,900
541,2025-07-17,CUST654,Male,42,Beauty,1,500,500
542,2025-07-17,CUST655,Female,55,Beauty,1,50,50
543,2025-07-19,CUST657,Male,40,Beauty,2,300,600
544,2025-07-19,CUST658,Male,59,Electronics,1,25,25
545,2025-07-19,CUST661,Female,44,Clothing,2,25,50
546,2025-07-19,CUST663,Male,23,Electronics,4,50,200
547,2025-07-21,CUST664,Female,44,Clothing,4,500,2000
548,2025-07-22,CUST665,Male,57,Clothing,2,30,60
549,2025-07-22,CUST673,Female,43,Beauty,2,50,100
550,2025-07-23,CUST674,Female,38,Clothing,3,300,900
551,2025-07-24,CUST675,Female,45,Electronics,3,300,900
552,2025-07-24,CUST680,Female,53,Electronics,3,25,75
553,2025-07-24,CUST684,Female,28,Clothing,4,300,1200
554,2025-07-24,CUST688,Male,56,Beauty,3,50,150
555,2025-07-24,CUST690,Female,52,Beauty,1,300,300
556,2025-07-25,CUST691,Female,51,Electronics,2,50,100
557,2025-07-25,CUST692,Female,64,Beauty,3,30,90
558,2025-07-25,CUST696,Female,50,Clothing,1,25,25
559,2025-07-26,CUST697,Male,53,Clothing,4,300,1200
560,2025-07-26,CUST699,Female,37,Electronics,1,50,50
561,2025-07-26,CUST702,Female,60,Clothing,4,500,2000
562,2025-07-27,CUST413,Female,44,Electronics,2,25,50
563,2025-07-27,CUST414,Male,48,Clothing,2,30,60
564,2025-07-27,CUST415,Male,53,Electronics,2,50,100
565,2025-07-28,CUST416,Male,53,Beauty,2,30,60
566,2025-07-28,CUST417,Male,43,Clothing,1,30,30
567,2025-07-28,CUST418,Female,60,Clothing,3,300,900
568,2025-07-28,CUST419,Female,44,Electronics,1,300,300
569,2025-07-28,CUST420,Female,22,Electronics,4,50,200
570,2025-07-29,CUST421,Female,37,Clothing,1,500,500
571,2025-07-29,CUST422,Female,28,Electronics,1,50,50
572,2025-07-30,CUST423,Female,27,Clothing,4,500,2000
573,2025-07-30,CUST424,Male,57,Beauty,2,30,60
574,2025-07-31,CUST425,Female,55,Electronics,2,25,50
575,2025-08-01,CUST426,Male,23,Clothing,2,50,100
576,2025-08-01,CUST427,Male,25,Beauty,3,50,150
577,2025-08-01,CUST428,Female,40,Beauty,4,500,2000
578,2025-08-02,CUST429,Male,64,Clothing,4,30,120
579,2025-08-03,CUST430,Female,43,Electronics,1,30,30
580,2025-08-03,CUST431,Male,63,Clothing,3,500,1500
581,2025-08-03,CUST432,Female,60,Beauty,2,30,60
582,2025-08-04,CUST433,Male,29,Clothing,3,300,900
583,2025-08-04,CUST434,Female,43,Electronics,4,25,100
584,2025-08-04,CUST435,Female,30,Beauty,4,50,200
585,2025-08-04,CUST436,Female,57,Clothing,1,25,25
586,2025-08-05,CUST437,Female,35,Electronics,1,50,50
587,2025-08-05,CUST438,Female,42,Beauty,4,300,1200
588,2025-08-05,CUST439,Male,50,Electronics,2,30,60
589,2025-08-05,CUST440,Male,64,Beauty,2,500,1000
590,2025-08-05,CUST441,Male,57,Clothing,3,300,900
591,2025-08-05,CUST442,Female,60,Electronics,4,25,100
592,2025-08-05,CUST443,Male,29,Beauty,4,500,2000
593,2025-08-05,CUST444,Female,61,Electronics,2,30,60
594,2025-08-06,CUST445,Female,53,Electronics,2,300,600
595,2025-08-06,CUST446,Male,21,Clothing,4,500,2000
596,2025-08-07,CUST447,Male,22,Electronics,1,300,300
597,2025-08-07,CUST448,Female,54,Beauty,4,300,1200
598,2025-08-08,CUST449,Male,25,Beauty,4,30,120
599,2025-08-08,CUST450,Female,59,Beauty,2,50,100
600,2025-08-08,CUST451,Female,45,Beauty,2,500,1000
601,2025-08-08,CUST452,Female,48,Clothing,1,30,30
602,2025-08-09,CUST453,Female,26,Electronics,1,300,300
603,2025-08-09,CUST454,Female,46,Clothing,3,30,90
604,2025-08-09,CUST455,Male,31,Electronics,4,50,200
605,2025-08-09,CUST456,Male,57,Electronics,2,500,1000
606,2025-08-10,CUST457,Female,58,Electronics,1,50,50
607,2025-08-11,CUST458,Female,39,Clothing,3,25,75
608,2025-08-11,CUST459,Male,28,Electronics,3,500,1500
609,2025-08-11,CUST460,Male,40,Clothing,2,50,100
610,2025-08-12,CUST461,Female,18,Beauty,2,300,600
611,2025-08-12,CUST462,Male,63,Beauty,3,500,1500
612,2025-08-12,CUST463,Female,54,Electronics,1,500,500
613,2025-08-12,CUST464,Male,38,Clothing,3,30,90
614,2025-08-13,CUST465,Female,43,Beauty,4,300,1200
615,2025-08-13,CUST466,Male,63,Clothing,4,25,100
616,2025-08-14,CUST467,Female,53,Clothing,2,50,100
617,2025-08-14,CUST468,Male,40,Electronics,1,30,30
618,2025-08-15,CUST469,Male,18,Beauty,4,50,200
619,2025-08-15,CUST470,Female,57,Electronics,4,25,100
620,2025-08-15,CUST471,Male,32,Electronics,3,25,75
621,2025-08-15,CUST472,Female,38,Beauty,2,500,1000
622,2025-08-15,CUST473,Male,64,Beauty,3,25,75
623,2025-08-15,CUST474,Female,26,Clothing,3,50,150
624,2025-08-17,CUST475,Male,26,Beauty,3,300,900
625,2025-08-18,CUST476,Female,27,Clothing,1,300,300
626,2025-08-18,CUST477,Male,43,Clothing,4,500,2000
627,2025-08-18,CUST478,Female,58,Clothing,1,50,50
628,2025-08-19,CUST479,Male,52,Beauty,4,50,200
629,2025-08-19,CUST480,Female,42,Electronics,2,25,50
630,2025-08-19,CUST481,Female,43,Clothing,2,50,100
631,2025-08-19,CUST482,Female,28,Electronics,3,30,90
632,2025-08-20,CUST483,Male,55,Electronics,4,25,100
633,2025-08-21,CUST484,Female,19,Beauty,4,30,120
634,2025-08-21,CUST485,Male,24,Electronics,4,500,2000
635,2025-08-21,CUST486,Female,35,Electronics,3,300,900
636,2025-08-21,CUST487,Male,44,Beauty,3,500,1500
637,2025-08-21,CUST488,Female,51,Clothing,2,300,600
638,2025-08-21,CUST489,Male,44,Electronics,1,500,500
639,2025-08-22,CUST490,Male,34,Beauty,4,50,200
640,2025-08-22,CUST491,Female,60,Electronics,4,30,120
641,2025-08-23,CUST492,Male,61,Electronics,1,300,300
642,2025-08-23,CUST493,Male,41,Clothing,4,25,100
643,2025-08-23,CUST494,Female,42,Electronics,3,30,90
644,2025-08-24,CUST495,Male,24,Beauty,3,25,75
645,2025-08-24,CUST496,Male,23,Electronics,4,30,120
646,2025-08-24,CUST497,Male,41,Clothing,3,30,90
647,2025-08-25,CUST498,Female,50,Clothing,3,500,1500
648,2025-08-25,CUST499,Male,46,Beauty,4,300,1200
649,2025-08-25,CUST500,Female,60,Clothing,2,300,600
650,2025-08-26,CUST501,Male,39,Electronics,1,30,30
651,2025-08-26,CUST502,Male,43,Clothing,3,50,150
652,2025-08-26,CUST503,Male,45,Beauty,2,50,100
653,2025-08-27,CUST504,Female,38,Clothing,3,25,75
654,2025-08-27,CUST505,Male,24,Clothing,3,25,75
655,2025-08-27,CUST506,Male,34,Clothing,1,500,500
656,2025-08-27,CUST507,Female,37,Beauty,3,30,90
657,2025-08-28,CUST508,Male,58,Clothing,1,25,25
658,2025-08-28,CUST509,Female,37,Clothing,3,25,75
659,2025-08-28,CUST510,Female,39,Electronics,1,30,30
660,2025-08-29,CUST511,Male,45,Beauty,2,500,1000
661,2025-08-29,CUST512,Female,57,Clothing,4,25,100
662,2025-08-29,CUST513,Male,24,Beauty,2,500,1000
663,2025-08-29,CUST514,Female,18,Clothing,4,300,1200
664,2025-08-31,CUST515,Female,49,Clothing,4,500,2000
665,2025-08-31,CUST516,Male,30,Clothing,1,50,50
666,2025-08-31,CUST517,Female,47,Electronics,3,50,150
667,2025-08-31,CUST518,Female,40,Electronics,1,500,500
668,2025-08-31,CUST519,Female,36,Electronics,3,50,150
669,2025-09-01,CUST520,Female,49,Beauty,4,300,1200
670,2025-09-01,CUST521,Female,47,Beauty,1,30,30
671,2025-09-01,CUST522,Male,46,Electronics,3,50,150
672,2025-09-01,CUST523,Female,62,Beauty,2,50,100
673,2025-09-02,CUST524,Male,46,Clothing,3,500,1500
674,2025-09-02,CUST525,Female,47,Clothing,1,300,300
675,2025-09-02,CUST526,Male,33,Clothing,2,30,60
676,2025-09-03,CUST527,Male,57,Electronics,3,500,1500
677,2025-09-04,CUST528,Female,36,Beauty,3,500,1500
678,2025-09-05,CUST529,Female,35,Electronics,3,300,900
679,2025-09-05,CUST530,Female,18,Beauty,3,30,90
680,2025-09-06,CUST531,Male,31,Clothing,3,300,900
681,2025-09-06,CUST532,Female,64,Electronics,2,30,60
682,2025-09-06,CUST285,Female,31,Beauty,4,300,1200
683,2025-09-06,CUST286,Male,55,Beauty,2,500,1000
684,2025-09-06,CUST289,Male,53,Clothing,2,500,1000
685,2025-09-07,CUST293,Male,50,Electronics,2,25,50
686,2025-09-07,CUST297,Female,40,Electronics,4,50,200
687,2025-09-07,CUST299,Male,61,Electronics,1,300,300
688,2025-09-08,CUST300,Female,19,Clothing,4,25,100
689,2025-09-08,CUST303,Male,19,Electronics,2,50,100
690,2025-09-08,CUST304,Female,37,Clothing,3,300,900
691,2025-09-08,CUST306,Male,54,Clothing,3,30,90
692,2025-09-09,CUST307,Female,26,Clothing,2,50,100
693,2025-09-09,CUST317,Male,22,Beauty,3,500,1500
694,2025-09-09,CUST320,Female,28,Electronics,2,25,50
695,2025-09-10,CUST321,Female,26,Electronics,3,50,150
696,2025-09-11,CUST322,Male,51,Clothing,4,50,200
697,2025-09-11,CUST324,Female,52,Clothing,1,500,500
698,2025-09-13,CUST325,Female,52,Electronics,1,300,300
699,2025-09-14,CUST327,Male,57,Clothing,4,30,120
700,2025-09-15,CUST329,Female,46,Electronics,4,500,2000
701,2025-09-16,CUST331,Male,28,Beauty,2,30,60
702,2025-09-16,CUST332,Male,58,Clothing,2,300,600
703,2025-09-16,CUST333,Female,54,Electronics,2,50,100
704,2025-09-17,CUST334,Male,31,Clothing,3,30,90
705,2025-09-17,CUST339,Female,22,Electronics,2,25,50
706,2025-09-17,CUST343,Male,21,Electronics,4,25,100
707,2025-09-17,CUST345,Male,62,Clothing,1,500,500
708,2025-09-17,CUST347,Male,42,Beauty,3,300,900
709,2025-09-18,CUST348,Female,35,Electronics,2,500,1000
710,2025-09-18,CUST352,Male,57,Electronics,3,500,1500
711,2025-09-18,CUST353,Male,31,Electronics,3,500,1500
712,2025-09-19,CUST355,Female,55,Beauty,2,25,50
713,2025-09-19,CUST356,Male,50,Beauty,3,25,75
714,2025-09-21,CUST357,Female,40,Clothing,1,500,500
715,2025-09-21,CUST361,Female,34,Beauty,4,25,100
716,2025-09-22,CUST367,Female,57,Clothing,4,300,1200
717,2025-09-22,CUST369,Male,23,Clothing,1,500,500
718,2025-09-23,CUST370,Male,23,Beauty,3,25,75
719,2025-09-24,CUST380,Male,56,Clothing,2,30,60
720,2025-09-24,CUST385,Male,50,Beauty,3,500,1500
721,2025-09-25,CUST386,Female,54,Clothing,1,500,500
722,2025-09-25,CUST388,Male,50,Beauty,3,300,900
723,2025-09-25,CUST390,Male,39,Beauty,4,50,200
724,2025-09-26,CUST395,Male,50,Clothing,3,50,150
725,2025-09-28,CUST404,Male,46,Electronics,1,300,300
726,2025-09-28,CUST407,Female,46,Clothing,4,300,1200
727,2025-09-28,CUST409,Female,21,Beauty,3,300,900
728,2025-09-29,CUST411,Male,62,Electronics,3,50,150
729,2025-09-29,CUST412,Female,19,Clothing,4,300,1200
730,2025-09-29,CUST416,Male,53,Clothing,2,25,50
731,2025-09-29,CUST533,Male,19,Clothing,4,500,2000
732,2025-09-30,CUST534,Male,45,Electronics,2,500,1000
733,2025-09-30,CUST535,Male,47,Beauty,1,30,30
734,2025-10-01,CUST536,Female,55,Clothing,1,30,30
735,2025-10-01,CUST537,Female,21,Clothing,4,500,2000
736,2025-10-01,CUST538,Male,18,Clothing,4,25,100
737,2025-10-02,CUST539,Male,25,Clothing,1,50,50
738,2025-10-02,CUST540,Female,46,Clothing,2,50,100
739,2025-10-02,CUST541,Male,56,Beauty,1,25,25
740,2025-10-02,CUST542,Female,20,Beauty,4,50,200
741,2025-10-02,CUST543,Male,49,Clothing,1,300,300
742,2025-10-03,CUST544,Female,27,Electronics,4,500,2000
743,2025-10-03,CUST545,Male,27,Beauty,4,500,2000
744,2025-10-03,CUST546,Female,36,Electronics,1,25,25
745,2025-10-03,CUST547,Male,63,Beauty,2,50,100
746,2025-10-03,CUST548,Female,51,Clothing,3,30,90
747,2025-10-04,CUST549,Female,50,Beauty,1,30,30
748,2025-10-04,CUST550,Male,40,Clothing,3,50,150
749,2025-10-04,CUST551,Male,45,Beauty,1,30,30
750,2025-10-04,CUST552,Female,49,Clothing,3,25,75
751,2025-10-04,CUST553,Male,24,Clothing,2,25,50
752,2025-10-04,CUST554,Female,46,Clothing,2,50,100
753,2025-10-05,CUST555,Male,25,Clothing,1,30,30
754,2025-10-05,CUST556,Female,18,Electronics,4,25,100
755,2025-10-06,CUST557,Female,20,Clothing,3,25,75
756,2025-10-07,CUST558,Female,41,Electronics,4,300,1200
757,2025-10-07,CUST559,Female,40,Electronics,4,300,1200
758,2025-10-07,CUST560,Female,25,Clothing,4,25,100
759,2025-10-07,CUST561,Female,64,Electronics,2,50,100
760,2025-10-08,CUST562,Male,54,Beauty,1,500,500
761,2025-10-08,CUST563,Male,20,Clothing,1,500,500
762,2025-10-09,CUST564,Male,50,Electronics,2,25,50
763,2025-10-09,CUST565,Female,45,Clothing,2,25,50
764,2025-10-09,CUST566,Female,64,Clothing,1,25,25
765,2025-10-10,CUST567,Female,25,Clothing,4,50,200
766,2025-10-10,CUST568,Female,51,Electronics,3,300,900
767,2025-10-10,CUST569,Male,52,Beauty,3,25,75
768,2025-10-10,CUST570,Male,49,Beauty,3,25,75
769,2025-10-11,CUST571,Female,41,Electronics,4,30,120
770,2025-10-11,CUST572,Male,31,Clothing,1,50,50
771,2025-10-11,CUST573,Male,49,Electronics,2,25,50
772,2025-10-11,CUST574,Female,63,Electronics,1,30,30
773,2025-10-11,CUST575,Male,60,Electronics,4,500,2000
774,2025-10-11,CUST576,Female,33,Clothing,2,25,50
775,2025-10-11,CUST577,Male,21,Electronics,4,25,100
776,2025-10-12,CUST578,Female,54,Clothing,3,30,90
777,2025-10-12,CUST579,Female,38,Electronics,3,50,150
778,2025-10-12,CUST580,Female,31,Beauty,4,25,100
779,2025-10-13,CUST581,Female,48,Electronics,5,500,2500
780,2025-10-13,CUST582,Male,35,Electronics,2,25,50
781,2025-10-13,CUST583,Female,24,Beauty,1,500,500
782,2025-10-14,CUST584,Female,27,Clothing,3,300,900
783,2025-10-14,CUST585,Female,24,Clothing,1,300,300
784,2025-10-15,CUST586,Male,50,Electronics,1,500,500
785,2025-10-15,CUST587,Female,40,Beauty,4,50,200
786,2025-10-15,CUST588,Male,38,Clothing,4,25,100
787,2025-10-16,CUST589,Female,36,Electronics,1,25,25
788,2025-10-16,CUST590,Male,36,Beauty,3,300,900
789,2025-10-16,CUST591,Male,53,Clothing,4,500,2000
790,2025-10-16,CUST592,Female,46,Clothing,1,25,25
791,2025-10-17,CUST593,Male,35,Beauty,1,25,25
792,2025-10-17,CUST594,Female,19,Beauty,1,50,50
793,2025-10-18,CUST595,Female,18,Beauty,1,30,30
794,2025-10-18,CUST596,Female,64,Beauty,6,300,1800
795,2025-10-19,CUST597,Male,22,Electronics,1,300,300
796,2025-10-19,CUST598,Male,37,Beauty,4,30,120
797,2025-10-19,CUST599,Female,28,Clothing,3,25,75
798,2025-10-19,CUST600,Female,59,Clothing,1,50,50
799,2025-10-20,CUST601,Male,19,Electronics,2,50,100
800,2025-10-21,CUST602,Female,20,Clothing,4,300,1200
801,2025-10-22,CUST603,Female,40,Clothing,4,50,200
802,2025-10-22,CUST604,Female,29,Beauty,1,30,30
803,2025-10-22,CUST605,Male,37,Clothing,4,25,100
804,2025-10-23,CUST606,Male,22,Electronics,1,30,30
805,2025-10-23,CUST607,Male,54,Beauty,3,500,1500
806,2025-10-23,CUST608,Female,55,Beauty,3,300,900
807,2025-10-23,CUST609,Female,47,Electronics,4,50,200
808,2025-10-24,CUST610,Female,26,Beauty,4,500,2000
809,2025-10-24,CUST160,Female,43,Beauty,2,50,100
810,2025-10-24,CUST162,Male,39,Electronics,4,25,100
811,2025-10-24,CUST163,Female,64,Beauty,2,25,50
812,2025-10-25,CUST165,Female,60,Electronics,3,25,75
813,2025-10-25,CUST166,Male,34,Electronics,3,50,150
814,2025-10-26,CUST167,Female,43,Clothing,1,500,500
815,2025-10-26,CUST168,Male,53,Clothing,3,25,75
816,2025-10-26,CUST170,Female,25,Beauty,2,500,1000
817,2025-10-27,CUST171,Female,52,Beauty,4,50,200
818,2025-10-27,CUST178,Male,40,Electronics,1,500,500
819,2025-10-27,CUST180,Male,41,Beauty,2,50,100
820,2025-10-29,CUST185,Male,24,Electronics,4,50,200
821,2025-10-29,CUST186,Male,20,Electronics,1,300,300
822,2025-10-29,CUST187,Female,64,Beauty,3,50,150
823,2025-10-29,CUST188,Male,40,Electronics,2,50,100
824,2025-10-29,CUST194,Male,55,Clothing,4,30,120
825,2025-10-29,CUST195,Male,52,Beauty,1,25,25
826,2025-10-30,CUST196,Female,32,Clothing,1,300,300
827,2025-10-31,CUST197,Female,42,Beauty,3,300,900
828,2025-10-31,CUST202,Female,34,Electronics,4,300,1200
829,2025-10-31,CUST203,Male,56,Beauty,3,30,90
830,2025-11-01,CUST205,Female,43,Clothing,3,50,150
831,2025-11-01,CUST206,Male,61,Electronics,4,25,100
832,2025-11-01,CUST212,Male,21,Beauty,4,500,2000
833,2025-11-01,CUST215,Male,58,Beauty,4,50,200
834,2025-11-02,CUST222,Male,51,Beauty,2,30,60
835,2025-11-02,CUST223,Female,64,Clothing,4,50,200
836,2025-11-02,CUST224,Female,25,Clothing,1,50,50
837,2025-11-02,CUST226,Female,61,Beauty,3,30,90
838,2025-11-02,CUST231,Female,23,Electronics,2,300,600
839,2025-11-02,CUST236,Female,54,Electronics,4,300,1200
840,2025-11-03,CUST242,Male,21,Clothing,2,25,50
841,2025-11-04,CUST245,Male,47,Electronics,4,25,100
842,2025-11-05,CUST248,Male,26,Clothing,2,300,600
843,2025-11-05,CUST249,Male,20,Beauty,3,500,1500
844,2025-11-06,CUST253,Female,53,Clothing,3,50,150
845,2025-11-06,CUST255,Male,48,Clothing,1,500,500
846,2025-11-07,CUST256,Male,23,Beauty,1,50,50
847,2025-11-07,CUST258,Female,37,Electronics,4,300,1200
848,2025-11-07,CUST259,Female,45,Clothing,3,25,75
849,2025-11-07,CUST261,Male,21,Clothing,2,25,50
850,2025-11-07,CUST264,Male,47,Beauty,2,500,1000
851,2025-11-07,CUST265,Male,55,Electronics,2,25,50
852,2025-11-08,CUST269,Male,25,Clothing,1,300,300
853,2025-11-08,CUST274,Female,23,Beauty,2,500,1000
854,2025-11-09,CUST275,Male,43,Clothing,1,50,50
855,2025-11-09,CUST277,Male,36,Beauty,1,25,25
856,2025-11-09,CUST278,Female,37,Electronics,4,30,120
857,2025-11-10,CUST279,Male,50,Electronics,2,25,50
858,2025-11-10,CUST611,Male,51,Electronics,2,50,100
859,2025-11-12,CUST612,Female,61,Electronics,3,500,1500
860,2025-11-12,CUST613,Female,52,Clothing,4,50,200
861,2025-11-13,CUST614,Female,39,Clothing,3,30,90
862,2025-11-13,CUST615,Female,61,Electronics,4,300,1200
863,2025-11-14,CUST616,Male,41,Electronics,2,25,50
864,2025-11-14,CUST617,Male,34,Electronics,1,500,500
865,2025-11-14,CUST618,Female,27,Clothing,1,300,300
866,2025-11-14,CUST619,Male,47,Electronics,1,50,50
867,2025-11-15,CUST620,Male,63,Electronics,1,500,500
868,2025-11-15,CUST621,Female,40,Electronics,1,300,300
869,2025-11-15,CUST622,Female,49,Beauty,3,500,1500
870,2025-11-16,CUST623,Male,34,Electronics,4,30,120
871,2025-11-17,CUST624,Female,34,Beauty,2,30,60
872,2025-11-17,CUST625,Male,31,Beauty,3,25,75
873,2025-11-17,CUST626,Female,26,Electronics,4,25,100
874,2025-11-17,CUST003,Male,50,Beauty,1,30,30
875,2025-11-18,CUST008,Male,30,Electronics,4,500,2000
876,2025-11-18,CUST009,Male,63,Clothing,4,30,120
877,2025-11-18,CUST013,Male,22,Clothing,1,25,25
878,2025-11-19,CUST015,Female,42,Clothing,3,30,90
879,2025-11-19,CUST018,Female,47,Clothing,1,30,30
880,2025-11-20,CUST026,Female,28,Beauty,2,500,1000
881,2025-11-21,CUST029,Female,42,Electronics,1,300,300
882,2025-11-21,CUST031,Male,44,Electronics,2,25,50
883,2025-11-21,CUST033,Female,50,Electronics,1,500,500
884,2025-11-22,CUST045,Female,55,Clothing,2,30,60
885,2025-11-22,CUST046,Female,20,Clothing,4,30,120
886,2025-11-22,CUST048,Male,54,Electronics,3,300,900
887,2025-11-23,CUST049,Female,54,Clothing,4,25,100
888,2025-11-23,CUST053,Male,34,Electronics,4,25,100
889,2025-11-23,CUST054,Female,38,Electronics,1,50,50
890,2025-11-24,CUST063,Male,57,Electronics,2,25,50
891,2025-11-24,CUST065,Male,51,Electronics,3,300,900
892,2025-11-24,CUST066,Female,45,Electronics,1,50,50
893,2025-11-25,CUST068,Male,25,Electronics,1,50,50
894,2025-11-25,CUST072,Female,20,Electronics,1,30,30
895,2025-11-26,CUST073,Male,29,Clothing,4,30,120
896,2025-11-26,CUST076,Female,22,Electronics,2,25,50
897,2025-11-27,CUST081,Male,40,Electronics,2,50,100
898,2025-11-27,CUST083,Male,54,Clothing,3,30,90
899,2025-11-27,CUST084,Female,38,Clothing,2,300,600
900,2025-11-28,CUST089,Female,55,Clothing,2,30,60
901,2025-11-28,CUST090,Female,51,Electronics,1,30,30
902,2025-11-29,CUST091,Female,55,Beauty,1,50,50
903,2025-11-29,CUST092,Female,51,Beauty,4,50,200
904,2025-11-29,CUST099,Female,50,Clothing,1,500,500
905,2025-11-30,CUST100,Male,41,Beauty,1,300,300
906,2025-11-30,CUST105,Female,22,Clothing,1,50,50
907,2025-11-30,CUST109,Female,34,Electronics,1,25,25
908,2025-12-01,CUST111,Female,34,Beauty,4,300,1200
909,2025-12-01,CUST113,Female,41,Electronics,1,300,300
910,2025-12-02,CUST117,Male,19,Beauty,3,50,150
911,2025-12-02,CUST118,Female,30,Electronics,3,300,900
912,2025-12-02,CUST121,Female,28,Beauty,3,50,150
913,2025-12-03,CUST122,Male,64,Electronics,3,30,90
914,2025-12-04,CUST123,Female,40,Electronics,1,500,500
915,2025-12-04,CUST132,Male,42,Beauty,3,30,90
916,2025-12-04,CUST133,Male,20,Electronics,1,50,50
917,2025-12-04,CUST134,Male,49,Electronics,4,50,200
918,2025-12-05,CUST136,Male,44,Electronics,3,30,90
919,2025-12-05,CUST140,Male,38,Beauty,2,25,50
920,2025-12-05,CUST141,Female,22,Beauty,3,25,75
921,2025-12-05,CUST142,Male,35,Electronics,3,25,75
922,2025-12-05,CUST147,Male,23,Electronics,1,50,50
923,2025-12-06,CUST150,Female,58,Beauty,3,300,900
924,2025-12-06,CUST627,Male,57,Beauty,2,50,100
925,2025-12-06,CUST628,Female,19,Electronics,5,300,1500
926,2025-12-06,CUST629,Male,62,Electronics,1,30,30
927,2025-12-06,CUST630,Male,42,Electronics,4,500,2000
928,2025-12-07,CUST631,Male,56,Clothing,4,300,1200
929,2025-12-07,CUST632,Female,26,Beauty,3,25,75
930,2025-12-08,CUST633,Male,39,Clothing,4,50,200
931,2025-12-08,CUST634,Male,60,Beauty,4,30,120
932,2025-12-08,CUST635,Female,63,Beauty,4,25,100
933,2025-12-08,CUST636,Female,21,Beauty,1,30,30
934,2025-12-09,CUST637,Male,43,Beauty,1,500,500
935,2025-12-09,CUST638,Male,46,Beauty,1,50,50
936,2025-12-09,CUST639,Female,62,Beauty,4,50,200
937,2025-12-09,CUST640,Female,51,Beauty,1,500,500
938,2025-12-09,CUST641,Female,40,Clothing,4,50,200
939,2025-12-09,CUST642,Female,54,Electronics,1,300,300
940,2025-12-10,CUST643,Female,28,Electronics,1,30,30
941,2025-12-10,CUST644,Male,23,Clothing,2,25,50
942,2025-12-10,CUST645,Female,35,Clothing,3,500,1500
943,2025-12-10,CUST646,Male,38,Clothing,4,300,1200
944,2025-12-11,CUST647,Male,59,Clothing,2,25,50
945,2025-12-11,CUST648,Male,53,Beauty,1,25,25
946,2025-12-12,CUST649,Female,58,Electronics,4,500,2000
947,2025-12-12,CUST650,Male,55,Beauty,1,300,300
948,2025-12-13,CUST651,Male,51,Electronics,3,25,75
949,2025-12-13,CUST652,Female,34,Electronics,2,25,50
950,2025-12-13,CUST653,Male,54,Clothing,3,300,900
951,2025-12-14,CUST654,Male,42,Beauty,2,50,100
952,2025-12-14,CUST655,Female,55,Clothing,1,25,25
953,2025-12-15,CUST656,Male,29,Beauty,3,30,90
954,2025-12-15,CUST657,Male,40,Electronics,3,300,900
955,2025-12-16,CUST658,Male,59,Clothing,1,25,25
956,2025-12-16,CUST659,Female,39,Clothing,3,500,1500
957,2025-12-16,CUST660,Female,38,Electronics,4,30,120
958,2025-12-17,CUST661,Female,44,Electronics,2,25,50
959,2025-12-17,CUST662,Male,48,Electronics,2,30,60
960,2025-12-18,CUST663,Male,23,Clothing,2,30,60
961,2025-12-18,CUST664,Female,44,Beauty,4,50,200
962,2025-12-18,CUST665,Male,57,Clothing,2,30,60
963,2025-12-18,CUST666,Male,51,Beauty,1,50,50
964,2025-12-19,CUST667,Female,29,Clothing,3,300,900
965,2025-12-19,CUST668,Female,62,Clothing,4,50,200
966,2025-12-19,CUST669,Male,24,Electronics,2,500,1000
967,2025-12-20,CUST670,Male,27,Beauty,1,25,25
968,2025-12-20,CUST671,Male,62,Clothing,3,300,900
969,2025-12-20,CUST672,Female,34,Clothing,3,300,900
970,2025-12-20,CUST673,Female,43,Electronics,4,500,2000
971,2025-12-20,CUST674,Female,38,Electronics,4,50,200
972,2025-12-21,CUST675,Female,45,Beauty,4,25,100
973,2025-12-22,CUST676,Male,63,Clothing,1,50,50
974,2025-12-23,CUST677,Female,19,Beauty,1,30,30
975,2025-12-23,CUST678,Female,60,Clothing,4,50,200
976,2025-12-23,CUST679,Female,18,Beauty,2,300,600
977,2025-12-23,CUST680,Female,53,Electronics,3,25,75
978,2025-12-23,CUST681,Female,43,Clothing,3,50,150
979,2025-12-23,CUST682,Male,46,Beauty,1,25,25
980,2025-12-24,CUST683,Male,38,Electronics,3,25,75
981,2025-12-24,CUST684,Female,28,Electronics,2,30,60
982,2025-12-25,CUST685,Male,57,Beauty,3,30,90
983,2025-12-26,CUST686,Female,28,Clothing,1,300,300
984,2025-12-26,CUST687,Female,53,Clothing,1,500,500
985,2025-12-26,CUST688,Male,56,Electronics,2,25,50
986,2025-12-26,CUST689,Male,57,Clothing,2,500,1000
987,2025-12-26,CUST690,Female,52,Clothing,3,300,900
988,2025-12-26,CUST691,Female,51,Clothing,3,25,75
989,2025-12-27,CUST692,Female,64,Electronics,1,25,25
990,2025-12-27,CUST693,Male,41,Beauty,2,500,1000
991,2025-12-28,CUST694,Female,39,Clothing,2,50,100
992,2025-12-28,CUST695,Female,22,Electronics,2,30,60
993,2025-12-28,CUST696,Female,50,Electronics,3,50,150
994,2025-12-29,CUST697,Male,53,Beauty,2,500,1000
995,2025-12-29,CUST698,Female,64,Clothing,4,30,120
996,2025-12-29,CUST699,Female,37,Clothing,1,50,50
997,2025-12-29,CUST700,Male,36,Beauty,3,30,90
998,2025-12-31,CUST701,Female,52,Beauty,4,25,100
999,2025-12-31,CUST702,Female,60,Electronics,3,50,150
1000,2025-12-31,CUST703,Male,34,Electronics,4,30,120
