transaction_id,date,customer_id,gender,age,product_category,quantity,price_per_unit,total_amount,month,month_number,year,age_group
1,2025-01-01,CUST001,Male,34,Beauty,3,50,150,January,1,2025,26-35
2,2025-01-01,CUST002,Female,26,Clothing,2,500,1000,January,1,2025,26-35
3,2025-01-01,CUST003,Male,50,Electronics,1,30,30,January,1,2025,46+
4,2025-01-02,CUST004,Male,37,Clothing,1,500,500,January,1,2025,36-45
5,2025-01-02,CUST005,Male,30,Beauty,2,50,100,January,1,2025,26-35
6,2025-01-02,CUST006,Female,45,Beauty,1,30,30,January,1,2025,36-45
7,2025-01-02,CUST007,Male,46,Clothing,2,25,50,January,1,2025,46+
8,2025-01-03,CUST008,Male,30,Electronics,4,25,100,January,1,2025,26-35
9,2025-01-04,CUST009,Male,63,Electronics,2,300,600,January,1,2025,46+
10,2025-01-04,CUST010,Female,52,Clothing,4,50,200,January,1,2025,46+
11,2025-01-04,CUST011,Male,23,Clothing,2,50,100,January,1,2025,18-25
12,2025-01-05,CUST009,Male,35,Beauty,3,25,75,January,1,2025,26-35
13,2025-01-05,CUST012,Male,22,Electronics,3,500,1500,January,1,2025,18-25
14,2025-01-05,CUST013,Male,64,Clothing,4,30,120,January,1,2025,46+
15,2025-01-06,CUST014,Female,42,Electronics,4,500,2000,January,1,2025,36-45
16,2025-01-06,CUST015,Male,19,Clothing,3,500,1500,January,1,2025,18-25
17,2025-01-07,CUST016,Female,27,Clothing,4,25,100,January,1,2025,26-35
18,2025-01-07,CUST017,Female,47,Electronics,2,25,50,January,1,2025,46+
19,2025-01-08,CUST018,Female,62,Clothing,2,25,50,January,1,2025,46+
20,2025-01-08,CUST019,Male,22,Clothing,3,300,900,January,1,2025,18-25
21,2025-01-09,CUST020,Female,50,Beauty,1,500,500,January,1,2025,46+
22,2025-01-10,CUST021,Male,18,Clothing,2,50,100,January,1,2025,18-25
23,2025-01-10,CUST022,Female,35,Clothing,4,30,120,January,1,2025,26-35
24,2025-01-11,CUST023,Female,49,Clothing,1,300,300,January,1,2025,46+
25,2025-01-11,CUST018,Female,64,Beauty,1,50,50,January,1,2025,46+
26,2025-01-11,CUST024,Female,28,Electronics,2,500,1000,January,1,2025,26-35
27,2025-01-13,CUST025,Female,38,Beauty,2,25,50,January,1,2025,36-45
28,2025-01-13,CUST026,Female,43,Beauty,1,500,500,January,1,2025,36-45
29,2025-01-13,CUST027,Female,42,Electronics,1,30,30,January,1,2025,36-45
30,2025-01-13,CUST018,Female,39,Beauty,3,300,900,January,1,2025,36-45
31,2025-01-14,CUST028,Male,44,Electronics,4,300,1200,January,1,2025,36-45
32,2025-01-14,CUST029,Male,30,Beauty,3,30,90,January,1,2025,26-35
33,2025-01-14,CUST030,Female,50,Electronics,2,50,100,January,1,2025,46+
34,2025-01-14,CUST031,Female,51,Clothing,3,50,150,January,1,2025,46+
35,2025-01-15,CUST008,Female,58,Beauty,3,300,900,January,1,2025,46+
36,2025-01-15,CUST032,Male,52,Beauty,3,300,900,January,1,2025,46+
37,2025-01-15,CUST009,Female,18,Beauty,3,25,75,January,1,2025,18-25
38,2025-01-16,CUST033,Male,38,Beauty,4,50,200,January,1,2025,36-45
39,2025-01-16,CUST013,Male,23,Clothing,4,30,120,January,1,2025,18-25
40,2025-01-17,CUST034,Male,45,Beauty,1,50,50,January,1,2025,36-45
41,2025-01-17,CUST015,Male,34,Clothing,2,25,50,January,1,2025,26-35
42,2025-01-17,CUST035,Male,22,Clothing,3,300,900,January,1,2025,18-25
43,2025-01-17,CUST018,Female,48,Clothing,1,300,300,January,1,2025,46+
44,2025-01-19,CUST036,Female,22,Clothing,1,25,25,January,1,2025,18-25
45,2025-01-20,CUST026,Female,55,Electronics,1,30,30,January,1,2025,46+
46,2025-01-20,CUST037,Female,20,Electronics,4,300,1200,January,1,2025,18-25
47,2025-01-21,CUST029,Female,40,Beauty,3,500,1500,January,1,2025,36-45
48,2025-01-21,CUST038,Male,54,Electronics,3,300,900,January,1,2025,46+
49,2025-01-21,CUST039,Female,54,Electronics,2,500,1000,January,1,2025,46+
50,2025-01-22,CUST040,Female,27,Beauty,3,25,75,January,1,2025,26-35
51,2025-01-22,CUST041,Male,27,Beauty,3,25,75,January,1,2025,26-35
52,2025-01-23,CUST015,Female,36,Beauty,1,300,300,January,1,2025,36-45
53,2025-01-23,CUST042,Male,34,Electronics,2,50,100,January,1,2025,26-35
54,2025-01-23,CUST018,Female,38,Electronics,3,500,1500,January,1,2025,36-45
55,2025-01-24,CUST043,Male,31,Beauty,4,30,120,January,1,2025,26-35
56,2025-01-24,CUST026,Female,26,Clothing,3,300,900,January,1,2025,26-35
57,2025-01-24,CUST044,Female,63,Beauty,1,30,30,January,1,2025,46+
58,2025-01-25,CUST029,Male,18,Clothing,4,300,1200,January,1,2025,18-25
59,2025-01-26,CUST045,Male,62,Clothing,1,50,50,January,1,2025,46+
60,2025-01-26,CUST031,Male,30,Beauty,3,50,150,January,1,2025,26-35
61,2025-01-26,CUST046,Male,21,Beauty,4,50,200,January,1,2025,18-25
62,2025-01-26,CUST033,Male,18,Beauty,2,50,100,January,1,2025,18-25
63,2025-01-27,CUST003,Male,57,Electronics,2,25,50,January,1,2025,46+
64,2025-01-27,CUST047,Male,49,Clothing,4,25,100,January,1,2025,46+
65,2025-01-27,CUST008,Male,51,Electronics,4,500,2000,January,1,2025,46+
66,2025-01-28,CUST048,Female,45,Electronics,1,30,30,January,1,2025,36-45
67,2025-01-28,CUST009,Female,48,Beauty,4,300,1200,January,1,2025,46+
68,2025-01-28,CUST049,Male,25,Electronics,1,300,300,January,1,2025,18-25
69,2025-01-29,CUST013,Female,56,Beauty,3,25,75,January,1,2025,46+
70,2025-01-30,CUST050,Female,43,Clothing,1,300,300,January,1,2025,36-45
71,2025-01-30,CUST015,Female,51,Beauty,4,25,100,January,1,2025,46+
72,2025-01-30,CUST051,Female,20,Electronics,4,500,2000,January,1,2025,18-25
73,2025-01-30,CUST018,Male,29,Electronics,3,30,90,January,1,2025,26-35
74,2025-01-31,CUST052,Female,18,Beauty,4,500,2000,January,1,2025,18-25
75,2025-01-31,CUST026,Male,61,Beauty,4,50,200,January,1,2025,46+
76,2025-01-31,CUST053,Female,22,Electronics,2,50,100,January,1,2025,18-25
77,2025-02-01,CUST054,Female,47,Clothing,2,50,100,February,2,2025,46+
78,2025-02-01,CUST029,Female,47,Clothing,3,500,1500,February,2,2025,46+
79,2025-02-01,CUST055,Male,34,Beauty,1,300,300,February,2,2025,26-35
80,2025-02-02,CUST031,Female,64,Clothing,2,30,60,February,2,2025,46+
81,2025-02-02,CUST056,Male,40,Electronics,1,50,50,February,2,2025,36-45
82,2025-02-02,CUST033,Female,32,Beauty,4,50,200,February,2,2025,26-35
83,2025-02-03,CUST057,Male,54,Electronics,2,50,100,February,2,2025,46+
84,2025-02-03,CUST045,Female,38,Electronics,3,30,90,February,2,2025,36-45
85,2025-02-04,CUST046,Male,31,Clothing,3,50,150,February,2,2025,26-35
86,2025-02-04,CUST058,Male,19,Beauty,3,30,90,February,2,2025,18-25
87,2025-02-05,CUST059,Female,28,Beauty,2,50,100,February,2,2025,26-35
88,2025-02-05,CUST060,Male,56,Clothing,1,500,500,February,2,2025,46+
89,2025-02-05,CUST061,Female,55,Electronics,4,500,2000,February,2,2025,46+
90,2025-02-05,CUST062,Female,51,Electronics,1,30,30,February,2,2025,46+
91,2025-02-05,CUST015,Female,55,Electronics,1,500,500,February,2,2025,46+
92,2025-02-05,CUST063,Female,51,Electronics,4,30,120,February,2,2025,46+
93,2025-02-05,CUST064,Female,35,Beauty,4,500,2000,February,2,2025,26-35
94,2025-02-05,CUST026,Female,47,Beauty,2,500,1000,February,2,2025,46+
95,2025-02-06,CUST065,Female,32,Clothing,2,30,60,February,2,2025,26-35
96,2025-02-06,CUST013,Female,44,Clothing,2,300,600,February,2,2025,36-45
97,2025-02-06,CUST066,Female,51,Beauty,2,500,1000,February,2,2025,46+
98,2025-02-06,CUST067,Female,55,Beauty,2,50,100,February,2,2025,46+
99,2025-02-07,CUST049,Female,50,Electronics,4,300,1200,February,2,2025,46+
100,2025-02-07,CUST068,Male,41,Electronics,1,30,30,February,2,2025,36-45
101,2025-02-07,CUST018,Male,32,Clothing,2,300,600,February,2,2025,26-35
102,2025-02-07,CUST069,Female,47,Beauty,2,25,50,February,2,2025,46+
103,2025-02-08,CUST033,Female,59,Clothing,1,25,25,February,2,2025,46+
104,2025-02-08,CUST070,Female,34,Beauty,2,500,1000,February,2,2025,26-35
105,2025-02-08,CUST071,Female,22,Electronics,1,500,500,February,2,2025,18-25
106,2025-02-08,CUST072,Female,46,Clothing,1,50,50,February,2,2025,46+
107,2025-02-09,CUST073,Female,21,Clothing,4,300,1200,February,2,2025,18-25
108,2025-02-10,CUST074,Female,27,Beauty,3,25,75,February,2,2025,26-35
109,2025-02-10,CUST063,Female,34,Electronics,4,500,2000,February,2,2025,26-35
110,2025-02-10,CUST075,Male,27,Clothing,3,300,900,February,2,2025,26-35
111,2025-02-11,CUST066,Female,34,Electronics,3,500,1500,February,2,2025,26-35
112,2025-02-11,CUST076,Male,37,Clothing,3,500,1500,February,2,2025,36-45
113,2025-02-11,CUST073,Female,41,Electronics,2,25,50,February,2,2025,36-45
114,2025-02-11,CUST077,Female,22,Beauty,4,25,100,February,2,2025,18-25
115,2025-02-11,CUST078,Male,51,Clothing,3,500,1500,February,2,2025,46+
116,2025-02-12,CUST079,Female,23,Clothing,1,30,30,February,2,2025,18-25
117,2025-02-13,CUST080,Male,19,Electronics,2,500,1000,February,2,2025,18-25
118,2025-02-13,CUST081,Female,30,Electronics,1,500,500,February,2,2025,26-35
119,2025-02-13,CUST082,Female,60,Clothing,3,50,150,February,2,2025,46+
120,2025-02-13,CUST083,Male,60,Beauty,1,50,50,February,2,2025,46+
121,2025-02-14,CUST084,Female,28,Electronics,4,50,200,February,2,2025,26-35
122,2025-02-14,CUST026,Male,64,Electronics,4,30,120,February,2,2025,46+
123,2025-02-16,CUST085,Female,40,Electronics,2,30,60,February,2,2025,36-45
124,2025-02-17,CUST029,Male,33,Clothing,4,500,2000,February,2,2025,26-35
125,2025-02-17,CUST086,Male,48,Clothing,2,50,100,February,2,2025,46+
126,2025-02-17,CUST031,Female,28,Clothing,3,30,90,February,2,2025,26-35
127,2025-02-17,CUST087,Female,33,Clothing,2,25,50,February,2,2025,26-35
128,2025-02-17,CUST033,Male,25,Beauty,1,500,500,February,2,2025,18-25
129,2025-02-17,CUST088,Female,21,Beauty,2,300,600,February,2,2025,18-25
130,2025-02-18,CUST063,Female,57,Clothing,2,500,1000,February,2,2025,46+
131,2025-02-19,CUST089,Female,21,Beauty,2,300,600,February,2,2025,18-25
132,2025-02-19,CUST083,Male,42,Electronics,4,50,200,February,2,2025,36-45
133,2025-02-20,CUST090,Male,20,Electronics,3,300,900,February,2,2025,18-25
134,2025-02-20,CUST084,Male,49,Electronics,1,50,50,February,2,2025,46+
135,2025-02-20,CUST091,Male,20,Clothing,2,25,50,February,2,2025,18-25
136,2025-02-21,CUST089,Male,44,Electronics,2,300,600,February,2,2025,36-45
137,2025-02-21,CUST092,Male,46,Beauty,2,500,1000,February,2,2025,46+
138,2025-02-21,CUST090,Male,49,Clothing,4,50,200,February,2,2025,46+
139,2025-02-22,CUST093,Male,36,Beauty,4,500,2000,February,2,2025,36-45
140,2025-02-22,CUST091,Male,38,Electronics,1,30,30,February,2,2025,36-45
141,2025-02-22,CUST094,Female,22,Electronics,1,50,50,February,2,2025,18-25
142,2025-02-22,CUST092,Male,35,Electronics,4,300,1200,February,2,2025,26-35
143,2025-02-22,CUST095,Female,45,Clothing,4,50,200,February,2,2025,36-45
144,2025-02-23,CUST096,Female,59,Beauty,3,500,1500,February,2,2025,46+
145,2025-02-24,CUST097,Female,39,Clothing,3,25,75,February,2,2025,36-45
146,2025-02-24,CUST098,Male,38,Clothing,4,50,200,February,2,2025,36-45
147,2025-02-24,CUST099,Male,23,Electronics,1,300,300,February,2,2025,18-25
148,2025-02-24,CUST100,Male,18,Clothing,2,30,60,February,2,2025,18-25
149,2025-02-25,CUST101,Male,22,Clothing,3,25,75,February,2,2025,18-25
150,2025-02-25,CUST033,Female,58,Electronics,4,30,120,February,2,2025,46+
151,2025-02-25,CUST102,Male,29,Clothing,1,50,50,February,2,2025,26-35
152,2025-02-25,CUST018,Male,43,Electronics,4,500,2000,February,2,2025,36-45
153,2025-02-26,CUST103,Male,63,Electronics,2,500,1000,February,2,2025,46+
154,2025-02-27,CUST089,Male,51,Electronics,3,300,900,February,2,2025,46+
155,2025-02-27,CUST104,Male,31,Electronics,4,500,2000,February,2,2025,26-35
156,2025-02-27,CUST003,Female,43,Clothing,4,25,100,February,2,2025,36-45
157,2025-02-27,CUST105,Male,62,Electronics,4,500,2000,February,2,2025,46+
158,2025-02-28,CUST049,Female,44,Electronics,3,300,900,February,2,2025,36-45
159,2025-02-28,CUST106,Male,26,Clothing,4,50,200,February,2,2025,26-35
160,2025-02-28,CUST073,Female,43,Clothing,2,50,100,February,2,2025,36-45
161,2025-02-28,CUST107,Male,64,Beauty,2,500,1000,February,2,2025,46+
162,2025-03-01,CUST066,Male,39,Clothing,2,30,60,March,3,2025,36-45
163,2025-03-01,CUST013,Female,64,Clothing,3,50,150,March,3,2025,46+
164,2025-03-01,CUST108,Female,47,Beauty,3,500,1500,March,3,2025,46+
165,2025-03-02,CUST109,Female,47,Clothing,4,300,1200,March,3,2025,46+
166,2025-03-03,CUST110,Female,51,Clothing,4,500,2000,March,3,2025,46+
167,2025-03-03,CUST111,Female,55,Clothing,3,50,150,March,3,2025,46+
168,2025-03-03,CUST112,Female,47,Clothing,1,300,300,March,3,2025,46+
169,2025-03-03,CUST113,Female,34,Beauty,3,500,1500,March,3,2025,26-35
170,2025-03-03,CUST114,Female,27,Clothing,2,25,50,March,3,2025,26-35
171,2025-03-04,CUST115,Female,22,Clothing,3,300,900,March,3,2025,18-25
172,2025-03-05,CUST116,Male,60,Beauty,2,25,50,March,3,2025,46+
173,2025-03-05,CUST018,Male,25,Electronics,4,30,120,March,3,2025,18-25
174,2025-03-06,CUST117,Female,21,Beauty,1,300,300,March,3,2025,18-25
175,2025-03-06,CUST111,Female,21,Electronics,4,25,100,March,3,2025,18-25
176,2025-03-06,CUST118,Male,46,Beauty,2,50,100,March,3,2025,46+
177,2025-03-06,CUST113,Male,36,Beauty,2,50,100,March,3,2025,36-45
178,2025-03-07,CUST119,Female,59,Clothing,2,30,60,March,3,2025,46+
179,2025-03-07,CUST108,Male,64,Electronics,1,300,300,March,3,2025,46+
180,2025-03-07,CUST120,Female,47,Clothing,3,300,900,March,3,2025,46+
181,2025-03-07,CUST089,Male,18,Electronics,4,300,1200,March,3,2025,18-25
182,2025-03-08,CUST121,Male,32,Beauty,4,30,120,March,3,2025,26-35
183,2025-03-09,CUST073,Female,39,Beauty,3,300,900,March,3,2025,36-45
184,2025-03-09,CUST122,Female,43,Electronics,4,50,200,March,3,2025,36-45
185,2025-03-09,CUST113,Male,45,Clothing,1,25,25,March,3,2025,36-45
186,2025-03-10,CUST123,Male,62,Clothing,4,50,200,March,3,2025,46+
187,2025-03-10,CUST113,Female,43,Clothing,2,50,100,March,3,2025,36-45
188,2025-03-11,CUST124,Male,63,Clothing,3,25,75,March,3,2025,46+
189,2025-03-12,CUST125,Female,60,Beauty,1,50,50,March,3,2025,46+
190,2025-03-12,CUST126,Male,64,Beauty,3,30,90,March,3,2025,46+
191,2025-03-13,CUST127,Male,62,Beauty,1,25,25,March,3,2025,46+
192,2025-03-13,CUST128,Male,35,Beauty,2,50,100,March,3,2025,26-35
193,2025-03-13,CUST129,Female,54,Beauty,3,500,1500,March,3,2025,46+
194,2025-03-15,CUST130,Male,45,Clothing,4,50,200,March,3,2025,36-45
195,2025-03-17,CUST131,Male,27,Clothing,1,30,30,March,3,2025,26-35
196,2025-03-17,CUST132,Male,39,Clothing,3,300,900,March,3,2025,36-45
197,2025-03-17,CUST133,Female,42,Clothing,4,50,200,March,3,2025,36-45
198,2025-03-18,CUST109,Male,42,Beauty,3,300,900,March,3,2025,36-45
199,2025-03-18,CUST134,Male,27,Beauty,3,500,1500,March,3,2025,26-35
200,2025-03-19,CUST018,Male,20,Beauty,3,50,150,March,3,2025,18-25
201,2025-03-19,CUST135,Male,64,Electronics,1,25,25,March,3,2025,46+
202,2025-03-20,CUST113,Male,64,Clothing,4,300,1200,March,3,2025,46+
203,2025-03-20,CUST136,Male,39,Clothing,2,500,1000,March,3,2025,36-45
204,2025-03-20,CUST114,Female,57,Beauty,1,25,25,March,3,2025,46+
205,2025-03-20,CUST137,Male,58,Clothing,1,25,25,March,3,2025,46+
206,2025-03-20,CUST049,Male,54,Clothing,1,25,25,March,3,2025,46+
207,2025-03-21,CUST138,Female,43,Beauty,2,25,50,March,3,2025,36-45
208,2025-03-21,CUST139,Female,51,Electronics,4,50,200,March,3,2025,46+
209,2025-03-21,CUST140,Female,50,Electronics,4,50,200,March,3,2025,46+
210,2025-03-21,CUST141,Female,39,Electronics,4,50,200,March,3,2025,36-45
211,2025-03-22,CUST142,Female,23,Beauty,3,500,1500,March,3,2025,18-25
212,2025-03-22,CUST143,Male,28,Clothing,3,500,1500,March,3,2025,26-35
213,2025-03-22,CUST144,Female,57,Beauty,3,500,1500,March,3,2025,46+
214,2025-03-22,CUST145,Male,19,Beauty,2,30,60,March,3,2025,18-25
215,2025-03-22,CUST146,Female,60,Clothing,3,500,1500,March,3,2025,46+
216,2025-03-23,CUST147,Male,34,Electronics,2,50,100,March,3,2025,26-35
217,2025-03-23,CUST148,Female,43,Electronics,4,50,200,March,3,2025,36-45
218,2025-03-23,CUST149,Male,53,Beauty,3,30,90,March,3,2025,46+
219,2025-03-23,CUST150,Male,18,Electronics,3,30,90,March,3,2025,18-25
220,2025-03-24,CUST151,Female,25,Beauty,1,500,500,March,3,2025,18-25
221,2025-03-24,CUST152,Female,52,Beauty,2,300,600,March,3,2025,46+
222,2025-03-25,CUST153,Male,32,Clothing,4,30,120,March,3,2025,26-35
223,2025-03-25,CUST154,Male,64,Clothing,1,25,25,March,3,2025,46+
224,2025-03-25,CUST155,Female,39,Clothing,1,50,50,March,3,2025,36-45
225,2025-03-25,CUST156,Female,31,Beauty,4,25,100,March,3,2025,26-35
226,2025-03-26,CUST157,Female,43,Clothing,1,50,50,March,3,2025,36-45
227,2025-03-26,CUST158,Male,45,Electronics,2,50,100,March,3,2025,36-45
228,2025-03-26,CUST159,Male,40,Electronics,2,30,60,March,3,2025,36-45
229,2025-03-27,CUST160,Male,31,Beauty,3,30,90,March,3,2025,26-35
230,2025-03-27,CUST161,Male,41,Beauty,1,25,25,March,3,2025,36-45
231,2025-03-28,CUST162,Male,19,Clothing,3,50,150,March,3,2025,18-25
232,2025-03-29,CUST163,Male,62,Beauty,1,25,25,March,3,2025,46+
233,2025-03-30,CUST164,Female,43,Beauty,2,300,600,March,3,2025,36-45
234,2025-03-31,CUST165,Male,31,Electronics,2,25,50,March,3,2025,26-35
235,2025-04-01,CUST166,Male,24,Electronics,2,500,1000,April,4,2025,18-25
236,2025-04-01,CUST167,Male,20,Clothing,1,25,25,April,4,2025,18-25
237,2025-04-01,CUST168,Female,64,Beauty,2,500,1000,April,4,2025,46+
238,2025-04-02,CUST169,Male,40,Beauty,1,500,500,April,4,2025,36-45
239,2025-04-02,CUST170,Male,63,Electronics,3,500,1500,April,4,2025,46+
240,2025-04-02,CUST171,Female,60,Beauty,1,300,300,April,4,2025,46+
241,2025-04-02,CUST172,Male,64,Electronics,3,25,75,April,4,2025,46+
242,2025-04-04,CUST173,Male,62,Clothing,1,25,25,April,4,2025,46+
243,2025-04-04,CUST174,Male,35,Electronics,3,300,900,April,4,2025,26-35
244,2025-04-04,CUST175,Male,55,Beauty,2,50,100,April,4,2025,46+
245,2025-04-05,CUST176,Male,52,Clothing,3,30,90,April,4,2025,46+
246,2025-04-05,CUST177,Female,32,Electronics,2,25,50,April,4,2025,26-35
247,2025-04-06,CUST178,Female,42,Electronics,2,30,60,April,4,2025,36-45
248,2025-04-08,CUST179,Female,54,Clothing,3,300,900,April,4,2025,46+
249,2025-04-08,CUST180,Male,45,Clothing,1,50,50,April,4,2025,36-45
250,2025-04-08,CUST181,Male,27,Electronics,1,50,50,April,4,2025,26-35
251,2025-04-08,CUST015,Male,56,Beauty,4,50,200,April,4,2025,46+
252,2025-04-08,CUST182,Female,34,Electronics,1,300,300,April,4,2025,26-35
253,2025-04-09,CUST109,Male,56,Clothing,4,500,2000,April,4,2025,46+
254,2025-04-09,CUST026,Male,39,Electronics,1,500,500,April,4,2025,36-45
255,2025-04-09,CUST183,Female,43,Clothing,1,30,30,April,4,2025,36-45
256,2025-04-09,CUST184,Male,61,Clothing,2,500,1000,April,4,2025,46+
257,2025-04-09,CUST013,Female,42,Beauty,4,500,2000,April,4,2025,36-45
258,2025-04-09,CUST185,Female,34,Clothing,6,50,300,April,4,2025,26-35
259,2025-04-10,CUST049,Female,30,Clothing,4,50,200,April,4,2025,26-35
260,2025-04-10,CUST186,Male,37,Beauty,2,30,60,April,4,2025,36-45
261,2025-04-11,CUST026,Male,42,Clothing,2,25,50,April,4,2025,36-45
262,2025-04-12,CUST187,Male,21,Beauty,4,30,120,April,4,2025,18-25
263,2025-04-12,CUST029,Male,27,Beauty,2,30,60,April,4,2025,26-35
264,2025-04-12,CUST188,Male,20,Clothing,3,300,900,April,4,2025,18-25
265,2025-04-12,CUST031,Male,58,Clothing,3,300,900,April,4,2025,46+
266,2025-04-12,CUST189,Male,62,Electronics,2,30,60,April,4,2025,46+
267,2025-04-13,CUST033,Female,35,Beauty,3,30,90,April,4,2025,26-35
268,2025-04-13,CUST190,Male,64,Electronics,1,30,30,April,4,2025,46+
269,2025-04-13,CUST063,Female,53,Clothing,4,500,2000,April,4,2025,46+
270,2025-04-15,CUST191,Male,64,Electronics,1,300,300,April,4,2025,46+
271,2025-04-15,CUST033,Male,39,Beauty,4,30,120,April,4,2025,36-45
272,2025-04-16,CUST192,Male,51,Electronics,2,50,100,April,4,2025,46+
273,2025-04-17,CUST018,Female,64,Beauty,1,50,50,April,4,2025,46+
274,2025-04-18,CUST193,Female,25,Clothing,2,500,1000,April,4,2025,18-25
275,2025-04-18,CUST194,Female,57,Clothing,2,500,1000,April,4,2025,46+
276,2025-04-18,CUST195,Female,61,Beauty,4,25,100,April,4,2025,46+
277,2025-04-18,CUST196,Male,36,Clothing,4,25,100,April,4,2025,36-45
278,2025-04-19,CUST197,Female,59,Clothing,4,25,100,April,4,2025,46+
279,2025-04-19,CUST076,Male,58,Clothing,1,500,500,April,4,2025,46+
280,2025-04-19,CUST198,Male,54,Clothing,3,500,1500,April,4,2025,46+
281,2025-04-19,CUST139,Female,23,Beauty,4,500,2000,April,4,2025,18-25
282,2025-04-19,CUST199,Female,43,Electronics,4,50,200,April,4,2025,36-45
283,2025-04-19,CUST200,Female,51,Electronics,1,500,500,April,4,2025,46+
284,2025-04-20,CUST013,Female,62,Clothing,4,50,200,April,4,2025,46+
285,2025-04-20,CUST201,Female,23,Electronics,1,25,25,April,4,2025,18-25
286,2025-04-20,CUST113,Female,54,Electronics,2,25,50,April,4,2025,46+
287,2025-04-20,CUST202,Female,50,Clothing,4,25,100,April,4,2025,46+
288,2025-04-20,CUST205,Female,39,Clothing,4,30,120,April,4,2025,36-45
289,2025-04-21,CUST203,Male,38,Electronics,2,30,60,April,4,2025,36-45
290,2025-04-21,CUST204,Female,23,Beauty,2,300,600,April,4,2025,18-25
291,2025-04-22,CUST205,Female,23,Clothing,2,300,600,April,4,2025,18-25
292,2025-04-22,CUST206,Male,21,Beauty,4,300,1200,April,4,2025,18-25
293,2025-04-22,CUST207,Female,47,Electronics,3,30,90,April,4,2025,46+
294,2025-04-23,CUST208,Male,28,Clothing,3,30,90,April,4,2025,26-35
295,2025-04-23,CUST209,Male,47,Beauty,3,300,900,April,4,2025,46+
296,2025-04-23,CUST210,Female,48,Clothing,4,300,1200,April,4,2025,46+
297,2025-04-23,CUST211,Male,41,Electronics,2,500,1000,April,4,2025,36-45
298,2025-04-23,CUST029,Male,26,Beauty,4,300,1200,April,4,2025,26-35
299,2025-04-23,CUST212,Male,20,Electronics,2,500,1000,April,4,2025,18-25
300,2025-04-23,CUST114,Male,48,Electronics,4,50,200,April,4,2025,46+
301,2025-04-24,CUST213,Female,57,Clothing,4,30,120,April,4,2025,46+
302,2025-04-24,CUST212,Male,54,Beauty,2,300,600,April,4,2025,46+
303,2025-04-25,CUST214,Female,53,Electronics,3,30,90,April,4,2025,46+
304,2025-04-25,CUST215,Male,41,Electronics,2,30,60,April,4,2025,36-45
305,2025-04-25,CUST216,Male,48,Beauty,1,30,30,April,4,2025,46+
306,2025-04-26,CUST217,Male,23,Electronics,1,50,50,April,4,2025,18-25
307,2025-04-26,CUST218,Male,19,Electronics,2,25,50,April,4,2025,18-25
308,2025-04-26,CUST219,Female,37,Beauty,4,300,1200,April,4,2025,36-45
309,2025-04-27,CUST220,Female,45,Beauty,1,25,25,April,4,2025,36-45
310,2025-04-27,CUST221,Male,28,Beauty,1,25,25,April,4,2025,26-35
311,2025-04-27,CUST018,Male,21,Beauty,4,25,100,April,4,2025,18-25
312,2025-04-28,CUST222,Female,32,Clothing,4,30,120,April,4,2025,26-35
313,2025-04-28,CUST111,Male,23,Beauty,3,500,1500,April,4,2025,18-25
314,2025-04-28,CUST223,Male,47,Clothing,4,30,120,April,4,2025,46+
315,2025-04-29,CUST113,Male,55,Clothing,2,30,60,April,4,2025,46+
316,2025-04-29,CUST224,Female,19,Clothing,2,25,50,April,4,2025,18-25
317,2025-04-29,CUST108,Female,32,Electronics,3,30,90,April,4,2025,26-35
318,2025-04-30,CUST225,Female,28,Clothing,1,25,25,April,4,2025,26-35
319,2025-04-30,CUST213,Male,25,Clothing,1,500,500,April,4,2025,18-25
320,2025-04-30,CUST226,Male,43,Electronics,4,300,1200,April,4,2025,36-45
321,2025-05-01,CUST227,Female,62,Electronics,2,25,50,May,5,2025,46+
322,2025-05-01,CUST228,Female,61,Electronics,1,500,500,May,5,2025,46+
323,2025-05-01,CUST229,Female,22,Beauty,3,300,900,May,5,2025,18-25
324,2025-05-02,CUST230,Female,23,Electronics,3,50,150,May,5,2025,18-25
325,2025-05-02,CUST231,Male,43,Electronics,2,25,50,May,5,2025,36-45
326,2025-05-02,CUST232,Female,21,Clothing,3,25,75,May,5,2025,18-25
327,2025-05-03,CUST233,Male,36,Electronics,3,50,150,May,5,2025,36-45
328,2025-05-03,CUST234,Female,37,Beauty,2,50,100,May,5,2025,36-45
329,2025-05-03,CUST235,Male,50,Electronics,4,25,100,May,5,2025,46+
330,2025-05-03,CUST236,Female,37,Beauty,4,50,200,May,5,2025,36-45
331,2025-05-03,CUST237,Female,29,Electronics,3,30,90,May,5,2025,26-35
332,2025-05-04,CUST238,Female,64,Electronics,4,300,1200,May,5,2025,46+
333,2025-05-04,CUST239,Female,18,Electronics,4,300,1200,May,5,2025,18-25
334,2025-05-04,CUST240,Male,43,Electronics,3,300,900,May,5,2025,36-45
335,2025-05-05,CUST241,Female,31,Beauty,4,30,120,May,5,2025,26-35
336,2025-05-05,CUST242,Male,55,Beauty,3,50,150,May,5,2025,46+
337,2025-05-05,CUST243,Male,54,Clothing,1,500,500,May,5,2025,46+
338,2025-05-05,CUST244,Male,28,Beauty,2,50,100,May,5,2025,26-35
339,2025-05-05,CUST245,Male,53,Electronics,2,25,50,May,5,2025,46+
340,2025-05-06,CUST114,Female,30,Clothing,4,300,1200,May,5,2025,26-35
341,2025-05-06,CUST246,Male,60,Clothing,4,50,200,May,5,2025,46+
342,2025-05-06,CUST108,Male,20,Clothing,4,500,2000,May,5,2025,18-25
343,2025-05-06,CUST247,Male,50,Electronics,2,25,50,May,5,2025,46+
344,2025-05-06,CUST066,Female,23,Beauty,1,30,30,May,5,2025,18-25
345,2025-05-07,CUST248,Female,27,Electronics,1,30,30,May,5,2025,26-35
346,2025-05-07,CUST136,Female,22,Clothing,2,500,1000,May,5,2025,18-25
347,2025-05-07,CUST249,Female,40,Electronics,1,25,25,May,5,2025,36-45
348,2025-05-07,CUST185,Male,27,Electronics,2,300,600,May,5,2025,26-35
349,2025-05-07,CUST150,Male,61,Beauty,1,50,50,May,5,2025,46+
350,2025-05-08,CUST003,Female,19,Beauty,3,25,75,May,5,2025,18-25
351,2025-05-08,CUST251,Male,30,Clothing,3,30,90,May,5,2025,26-35
352,2025-05-08,CUST113,Male,57,Electronics,2,500,1000,May,5,2025,46+
353,2025-05-08,CUST152,Male,19,Electronics,1,500,500,May,5,2025,18-25
354,2025-05-08,CUST253,Female,37,Beauty,4,50,200,May,5,2025,36-45
355,2025-05-08,CUST049,Female,18,Electronics,1,500,500,May,5,2025,18-25
356,2025-05-09,CUST254,Male,54,Electronics,3,500,1500,May,5,2025,46+
357,2025-05-09,CUST255,Female,26,Electronics,3,25,75,May,5,2025,26-35
358,2025-05-09,CUST256,Female,34,Beauty,1,300,300,May,5,2025,26-35
359,2025-05-10,CUST257,Female,26,Clothing,1,50,50,May,5,2025,26-35
360,2025-05-10,CUST258,Female,28,Clothing,4,25,100,May,5,2025,26-35
361,2025-05-11,CUST259,Female,32,Electronics,4,300,1200,May,5,2025,26-35
362,2025-05-12,CUST260,Male,41,Clothing,1,25,25,May,5,2025,36-45
363,2025-05-13,CUST261,Female,55,Beauty,7,25,175,May,5,2025,46+
364,2025-05-13,CUST262,Male,52,Beauty,1,500,500,May,5,2025,46+
365,2025-05-14,CUST263,Male,47,Clothing,1,300,300,May,5,2025,46+
366,2025-05-14,CUST264,Female,48,Clothing,2,50,100,May,5,2025,46+
367,2025-05-14,CUST113,Male,28,Electronics,1,50,50,May,5,2025,26-35
368,2025-05-15,CUST265,Female,32,Clothing,4,300,1200,May,5,2025,26-35
369,2025-05-15,CUST114,Male,23,Electronics,1,500,500,May,5,2025,18-25
370,2025-05-15,CUST266,Female,32,Electronics,2,30,60,May,5,2025,26-35
371,2025-05-16,CUST049,Female,62,Beauty,1,25,25,May,5,2025,46+
372,2025-05-16,CUST267,Female,22,Beauty,3,500,1500,May,5,2025,18-25
373,2025-05-16,CUST118,Female,21,Beauty,2,300,600,May,5,2025,18-25
374,2025-05-16,CUST268,Female,29,Beauty,3,25,75,May,5,2025,26-35
375,2025-05-16,CUST063,Female,30,Clothing,1,50,50,May,5,2025,26-35
376,2025-05-16,CUST269,Male,20,Beauty,1,30,30,May,5,2025,18-25
377,2025-05-16,CUST141,Female,27,Clothing,4,50,200,May,5,2025,26-35
378,2025-05-16,CUST270,Male,27,Beauty,1,300,300,May,5,2025,26-35
379,2025-05-16,CUST142,Male,57,Clothing,1,25,25,May,5,2025,46+
380,2025-05-16,CUST271,Female,18,Electronics,2,300,600,May,5,2025,18-25
381,2025-05-16,CUST144,Female,34,Clothing,4,25,100,May,5,2025,26-35
382,2025-05-17,CUST272,Female,26,Clothing,2,500,1000,May,5,2025,26-35
383,2025-05-17,CUST147,Female,28,Beauty,3,30,90,May,5,2025,26-35
384,2025-05-17,CUST273,Female,32,Clothing,5,500,2500,May,5,2025,26-35
385,2025-05-18,CUST150,Female,55,Electronics,3,500,1500,May,5,2025,46+
386,2025-05-18,CUST274,Female,29,Electronics,2,300,600,May,5,2025,26-35
387,2025-05-19,CUST275,Male,39,Beauty,1,30,30,May,5,2025,36-45
388,2025-05-19,CUST276,Female,25,Electronics,1,25,25,May,5,2025,18-25
389,2025-05-19,CUST277,Female,47,Clothing,2,25,50,May,5,2025,46+
390,2025-05-20,CUST278,Female,52,Electronics,2,50,100,May,5,2025,46+
391,2025-05-20,CUST279,Male,54,Beauty,2,25,50,May,5,2025,46+
392,2025-05-20,CUST280,Female,42,Clothing,2,300,600,May,5,2025,36-45
393,2025-05-21,CUST281,Female,57,Beauty,2,500,1000,May,5,2025,46+
394,2025-05-21,CUST282,Male,25,Clothing,1,500,500,May,5,2025,18-25
395,2025-05-21,CUST283,Female,49,Electronics,2,500,1000,May,5,2025,46+
396,2025-05-22,CUST284,Female,32,Beauty,1,30,30,May,5,2025,26-35
397,2025-05-22,CUST063,Male,64,Beauty,1,25,25,May,5,2025,46+
398,2025-05-22,CUST285,Female,19,Clothing,2,300,600,May,5,2025,18-25
399,2025-05-22,CUST183,Female,20,Beauty,2,30,60,May,5,2025,18-25
400,2025-05-23,CUST286,Female,24,Clothing,4,50,200,May,5,2025,18-25
401,2025-05-23,CUST279,Female,25,Clothing,1,300,300,May,5,2025,18-25
402,2025-05-23,CUST287,Female,59,Clothing,2,300,600,May,5,2025,46+
403,2025-05-23,CUST288,Female,64,Clothing,2,300,600,May,5,2025,46+
404,2025-05-23,CUST003,Male,50,Electronics,2,500,1000,May,5,2025,46+
405,2025-05-23,CUST289,Female,46,Clothing,4,300,1200,May,5,2025,46+
406,2025-05-23,CUST076,Male,44,Beauty,4,25,100,May,5,2025,36-45
407,2025-05-23,CUST290,Male,19,Electronics,3,300,900,May,5,2025,18-25
408,2025-05-23,CUST139,Female,22,Beauty,1,500,500,May,5,2025,18-25
409,2025-05-24,CUST291,Female,55,Electronics,3,300,900,May,5,2025,46+
410,2025-05-25,CUST258,Female,30,Clothing,2,50,100,May,5,2025,26-35
411,2025-05-25,CUST292,Female,64,Electronics,4,50,200,May,5,2025,46+
412,2025-05-25,CUST293,Female,22,Electronics,4,500,2000,May,5,2025,18-25
413,2025-05-26,CUST294,Female,64,Beauty,3,25,75,May,5,2025,46+
414,2025-05-26,CUST295,Female,44,Beauty,4,25,100,May,5,2025,36-45
415,2025-05-26,CUST296,Male,48,Clothing,2,30,60,May,5,2025,46+
416,2025-05-27,CUST297,Male,22,Electronics,4,500,2000,May,5,2025,18-25
417,2025-05-27,CUST298,Male,61,Electronics,3,300,900,May,5,2025,46+
418,2025-05-27,CUST299,Male,31,Electronics,2,500,1000,May,5,2025,26-35
419,2025-05-28,CUST300,Female,28,Clothing,3,30,90,May,5,2025,26-35
420,2025-05-29,CUST301,Female,26,Clothing,4,500,2000,May,5,2025,26-35
421,2025-05-30,CUST302,Male,51,Clothing,3,500,1500,May,5,2025,46+
422,2025-05-30,CUST303,Female,29,Clothing,3,30,90,May,5,2025,26-35
423,2025-05-31,CUST304,Female,52,Clothing,1,25,25,May,5,2025,46+
424,2025-05-31,CUST182,Female,52,Beauty,4,300,1200,May,5,2025,46+
425,2025-05-31,CUST305,Female,18,Electronics,4,30,120,May,5,2025,18-25
426,2025-06-01,CUST285,Male,57,Electronics,3,50,150,June,6,2025,46+
427,2025-06-01,CUST306,Male,39,Electronics,1,25,25,June,6,2025,36-45
428,2025-06-01,CUST307,Female,46,Electronics,4,50,200,June,6,2025,46+
429,2025-06-02,CUST186,Female,25,Electronics,2,25,50,June,6,2025,18-25
430,2025-06-02,CUST308,Male,28,Electronics,3,300,900,June,6,2025,26-35
431,2025-06-02,CUST290,Male,58,Electronics,4,300,1200,June,6,2025,46+
432,2025-06-03,CUST309,Female,54,Electronics,2,500,1000,June,6,2025,46+
433,2025-06-03,CUST310,Male,31,Beauty,4,50,200,June,6,2025,26-35
434,2025-06-03,CUST105,Female,47,Electronics,2,25,50,June,6,2025,46+
435,2025-06-04,CUST311,Female,52,Beauty,3,300,900,June,6,2025,46+
436,2025-06-04,CUST204,Male,38,Clothing,4,30,120,June,6,2025,36-45
437,2025-06-04,CUST312,Male,54,Electronics,4,300,1200,June,6,2025,46+
438,2025-06-04,CUST304,Female,22,Clothing,1,30,30,June,6,2025,18-25
439,2025-06-05,CUST313,Female,36,Clothing,3,25,75,June,6,2025,36-45
440,2025-06-05,CUST314,Male,31,Clothing,2,300,600,June,6,2025,26-35
441,2025-06-06,CUST315,Female,43,Beauty,4,300,1200,June,6,2025,36-45
442,2025-06-06,CUST316,Male,21,Clothing,4,25,100,June,6,2025,18-25
443,2025-06-06,CUST317,Female,42,Clothing,2,300,600,June,6,2025,36-45
444,2025-06-06,CUST318,Male,62,Clothing,3,30,90,June,6,2025,46+
445,2025-06-07,CUST319,Male,59,Electronics,1,300,300,June,6,2025,46+
446,2025-06-07,CUST320,Male,42,Electronics,1,50,50,June,6,2025,36-45
447,2025-06-08,CUST321,Female,35,Beauty,1,500,500,June,6,2025,26-35
448,2025-06-08,CUST322,Female,57,Beauty,2,30,60,June,6,2025,46+
449,2025-06-09,CUST323,Male,25,Electronics,4,50,200,June,6,2025,18-25
450,2025-06-09,CUST324,Female,56,Beauty,2,25,50,June,6,2025,46+
451,2025-06-09,CUST325,Male,57,Electronics,1,30,30,June,6,2025,46+
452,2025-06-10,CUST326,Male,31,Clothing,3,500,1500,June,6,2025,26-35
453,2025-06-10,CUST073,Female,49,Clothing,2,500,1000,June,6,2025,46+
454,2025-06-10,CUST327,Female,55,Beauty,1,25,25,June,6,2025,46+
455,2025-06-10,CUST137,Male,50,Electronics,4,25,100,June,6,2025,46+
456,2025-06-11,CUST328,Female,40,Electronics,2,30,60,June,6,2025,36-45
457,2025-06-11,CUST257,Female,32,Beauty,3,300,900,June,6,2025,26-35
458,2025-06-11,CUST329,Male,50,Electronics,4,25,100,June,6,2025,46+
459,2025-06-11,CUST076,Male,42,Clothing,4,300,1200,June,6,2025,36-45
460,2025-06-11,CUST330,Female,34,Beauty,1,50,50,June,6,2025,26-35
461,2025-06-12,CUST331,Male,50,Beauty,2,500,1000,June,6,2025,46+
462,2025-06-13,CUST139,Male,64,Electronics,4,300,1200,June,6,2025,46+
463,2025-06-14,CUST332,Female,19,Beauty,3,500,1500,June,6,2025,18-25
464,2025-06-15,CUST258,Male,31,Electronics,2,300,600,June,6,2025,26-35
465,2025-06-15,CUST333,Male,57,Electronics,3,50,150,June,6,2025,46+
466,2025-06-16,CUST334,Female,57,Electronics,4,25,100,June,6,2025,46+
467,2025-06-16,CUST335,Female,56,Electronics,3,50,150,June,6,2025,46+
468,2025-06-17,CUST336,Male,23,Electronics,1,25,25,June,6,2025,18-25
469,2025-06-17,CUST337,Male,23,Beauty,3,25,75,June,6,2025,18-25
470,2025-06-17,CUST338,Female,20,Clothing,2,500,1000,June,6,2025,18-25
471,2025-06-18,CUST339,Female,24,Clothing,3,50,150,June,6,2025,18-25
472,2025-06-19,CUST340,Female,25,Beauty,3,300,900,June,6,2025,18-25
473,2025-06-19,CUST341,Female,59,Beauty,1,50,50,June,6,2025,46+
474,2025-06-19,CUST342,Male,32,Clothing,3,500,1500,June,6,2025,26-35
475,2025-06-19,CUST343,Female,64,Clothing,3,25,75,June,6,2025,46+
476,2025-06-19,CUST344,Female,46,Clothing,4,500,2000,June,6,2025,46+
477,2025-06-20,CUST345,Male,50,Clothing,4,30,120,June,6,2025,46+
478,2025-06-20,CUST346,Female,47,Clothing,6,30,180,June,6,2025,46+
479,2025-06-21,CUST347,Male,56,Electronics,4,300,1200,June,6,2025,46+
480,2025-06-21,CUST348,Female,44,Beauty,4,500,2000,June,6,2025,36-45
481,2025-06-22,CUST349,Female,53,Electronics,4,300,1200,June,6,2025,46+
482,2025-06-22,CUST350,Female,46,Clothing,4,300,1200,June,6,2025,46+
483,2025-06-22,CUST351,Male,55,Clothing,1,30,30,June,6,2025,46+
484,2025-06-22,CUST076,Male,50,Clothing,4,300,1200,June,6,2025,46+
485,2025-06-23,CUST352,Female,54,Electronics,1,30,30,June,6,2025,46+
486,2025-06-23,CUST139,Male,44,Electronics,1,25,25,June,6,2025,36-45
487,2025-06-24,CUST353,Male,50,Clothing,4,500,2000,June,6,2025,46+
488,2025-06-24,CUST258,Male,21,Electronics,3,300,900,June,6,2025,18-25
489,2025-06-24,CUST354,Male,39,Electronics,1,30,30,June,6,2025,36-45
490,2025-06-24,CUST013,Male,19,Clothing,3,50,150,June,6,2025,18-25
491,2025-06-24,CUST355,Male,27,Electronics,3,300,900,June,6,2025,26-35
492,2025-06-25,CUST113,Female,22,Beauty,4,25,100,June,6,2025,18-25
493,2025-06-26,CUST356,Female,27,Beauty,2,25,50,June,6,2025,26-35
494,2025-06-26,CUST205,Male,50,Beauty,4,50,200,June,6,2025,46+
495,2025-06-26,CUST357,Female,55,Beauty,2,30,60,June,6,2025,46+
496,2025-06-27,CUST305,Female,30,Clothing,2,300,600,June,6,2025,26-35
497,2025-06-28,CUST358,Female,48,Clothing,4,30,120,June,6,2025,46+
498,2025-06-29,CUST029,Female,64,Clothing,4,25,100,June,6,2025,46+
499,2025-06-29,CUST359,Male,53,Beauty,2,30,60,June,6,2025,46+
500,2025-06-29,CUST114,Female,62,Beauty,4,25,100,June,6,2025,46+
501,2025-06-30,CUST360,Female,41,Electronics,2,30,60,June,6,2025,36-45
502,2025-06-30,CUST212,Male,32,Electronics,3,50,150,June,6,2025,26-35
503,2025-07-01,CUST361,Male,46,Beauty,4,500,2000,July,7,2025,46+
504,2025-07-01,CUST309,Female,25,Beauty,3,50,150,July,7,2025,18-25
505,2025-07-01,CUST362,Female,22,Beauty,1,50,50,July,7,2025,18-25
506,2025-07-01,CUST363,Female,46,Beauty,5,500,2500,July,7,2025,46+
507,2025-07-03,CUST364,Female,64,Electronics,3,500,1500,July,7,2025,46+
508,2025-07-03,CUST365,Female,21,Beauty,2,300,600,July,7,2025,18-25
509,2025-07-04,CUST366,Female,29,Electronics,3,300,900,July,7,2025,26-35
510,2025-07-05,CUST367,Male,62,Beauty,4,50,200,July,7,2025,46+
511,2025-07-05,CUST368,Female,19,Beauty,2,50,100,July,7,2025,18-25
512,2025-07-05,CUST369,Female,25,Beauty,1,25,25,July,7,2025,18-25
513,2025-07-05,CUST370,Male,49,Electronics,4,25,100,July,7,2025,46+
514,2025-07-06,CUST371,Male,31,Electronics,1,300,300,July,7,2025,26-35
515,2025-07-06,CUST372,Male,60,Clothing,3,300,900,July,7,2025,46+
516,2025-07-06,CUST373,Female,54,Beauty,4,25,100,July,7,2025,46+
517,2025-07-08,CUST374,Female,31,Clothing,4,25,100,July,7,2025,26-35
518,2025-07-08,CUST094,Male,35,Clothing,1,30,30,July,7,2025,26-35
519,2025-07-09,CUST375,Female,24,Electronics,4,30,120,July,7,2025,18-25
520,2025-07-09,CUST161,Male,36,Electronics,4,25,100,July,7,2025,36-45
521,2025-07-09,CUST376,Female,18,Clothing,4,30,120,July,7,2025,18-25
522,2025-07-09,CUST260,Male,19,Beauty,3,500,1500,July,7,2025,18-25
523,2025-07-11,CUST377,Female,40,Electronics,1,300,300,July,7,2025,36-45
524,2025-07-11,CUST307,Male,54,Beauty,4,300,1200,July,7,2025,46+
525,2025-07-12,CUST378,Female,47,Beauty,2,25,50,July,7,2025,46+
526,2025-07-13,CUST213,Female,52,Clothing,2,50,100,July,7,2025,46+
527,2025-07-14,CUST379,Female,61,Clothing,2,25,50,July,7,2025,46+
528,2025-07-14,CUST380,Male,41,Clothing,2,30,60,July,7,2025,36-45
529,2025-07-14,CUST381,Male,34,Clothing,3,50,150,July,7,2025,26-35
530,2025-07-14,CUST076,Male,31,Electronics,4,30,120,July,7,2025,26-35
531,2025-07-14,CUST382,Female,26,Electronics,1,500,500,July,7,2025,26-35
532,2025-07-14,CUST139,Male,57,Clothing,4,30,120,July,7,2025,46+
533,2025-07-14,CUST383,Male,42,Electronics,3,500,1500,July,7,2025,36-45
534,2025-07-14,CUST258,Male,43,Clothing,2,500,1000,July,7,2025,36-45
535,2025-07-14,CUST384,Female,54,Beauty,3,30,90,July,7,2025,46+
536,2025-07-14,CUST385,Male,38,Beauty,4,30,120,July,7,2025,36-45
537,2025-07-15,CUST386,Male,59,Beauty,1,500,500,July,7,2025,46+
538,2025-07-15,CUST387,Female,58,Clothing,3,50,150,July,7,2025,46+
539,2025-07-16,CUST388,Male,51,Beauty,6,500,3000,July,7,2025,46+
540,2025-07-16,CUST389,Male,54,Electronics,3,300,900,July,7,2025,46+
541,2025-07-17,CUST331,Male,42,Beauty,1,500,500,July,7,2025,36-45
542,2025-07-17,CUST390,Female,55,Beauty,1,50,50,July,7,2025,46+
543,2025-07-19,CUST292,Male,40,Beauty,2,300,600,July,7,2025,36-45
544,2025-07-19,CUST391,Male,59,Electronics,1,25,25,July,7,2025,46+
545,2025-07-19,CUST185,Female,44,Clothing,2,25,50,July,7,2025,36-45
546,2025-07-19,CUST392,Male,23,Electronics,4,50,200,July,7,2025,18-25
547,2025-07-21,CUST289,Female,44,Clothing,4,500,2000,July,7,2025,36-45
548,2025-07-22,CUST393,Male,57,Clothing,2,30,60,July,7,2025,46+
549,2025-07-22,CUST358,Female,43,Beauty,2,50,100,July,7,2025,36-45
550,2025-07-23,CUST394,Female,38,Clothing,3,300,900,July,7,2025,36-45
551,2025-07-24,CUST026,Female,45,Electronics,3,300,900,July,7,2025,36-45
552,2025-07-24,CUST395,Female,53,Electronics,3,25,75,July,7,2025,46+
553,2025-07-24,CUST113,Female,28,Clothing,4,300,1200,July,7,2025,26-35
554,2025-07-24,CUST396,Male,56,Beauty,3,50,150,July,7,2025,46+
555,2025-07-24,CUST211,Female,52,Beauty,1,300,300,July,7,2025,46+
556,2025-07-25,CUST397,Female,51,Electronics,2,50,100,July,7,2025,46+
557,2025-07-25,CUST398,Female,64,Beauty,3,30,90,July,7,2025,46+
558,2025-07-25,CUST399,Female,50,Clothing,1,25,25,July,7,2025,46+
559,2025-07-26,CUST400,Male,53,Clothing,4,300,1200,July,7,2025,46+
560,2025-07-26,CUST401,Female,37,Electronics,1,50,50,July,7,2025,36-45
561,2025-07-26,CUST402,Female,60,Clothing,4,500,2000,July,7,2025,46+
562,2025-07-27,CUST403,Female,44,Electronics,2,25,50,July,7,2025,36-45
563,2025-07-27,CUST404,Male,48,Clothing,2,30,60,July,7,2025,46+
564,2025-07-27,CUST405,Male,53,Electronics,2,50,100,July,7,2025,46+
565,2025-07-28,CUST406,Male,53,Beauty,2,30,60,July,7,2025,46+
566,2025-07-28,CUST407,Male,43,Clothing,1,30,30,July,7,2025,36-45
567,2025-07-28,CUST408,Female,60,Clothing,3,300,900,July,7,2025,46+
568,2025-07-28,CUST409,Female,44,Electronics,1,300,300,July,7,2025,36-45
569,2025-07-28,CUST410,Female,22,Electronics,4,50,200,July,7,2025,18-25
570,2025-07-29,CUST411,Female,37,Clothing,1,500,500,July,7,2025,36-45
571,2025-07-29,CUST076,Female,28,Electronics,1,50,50,July,7,2025,26-35
572,2025-07-30,CUST412,Female,27,Clothing,4,500,2000,July,7,2025,26-35
573,2025-07-30,CUST139,Male,57,Beauty,2,30,60,July,7,2025,46+
574,2025-07-31,CUST413,Female,55,Electronics,2,25,50,July,7,2025,46+
575,2025-08-01,CUST258,Male,23,Clothing,2,50,100,August,8,2025,18-25
576,2025-08-01,CUST414,Male,25,Beauty,3,50,150,August,8,2025,18-25
577,2025-08-01,CUST049,Female,40,Beauty,4,500,2000,August,8,2025,36-45
578,2025-08-02,CUST415,Male,64,Clothing,4,30,120,August,8,2025,46+
579,2025-08-03,CUST108,Female,43,Electronics,1,30,30,August,8,2025,36-45
580,2025-08-03,CUST416,Male,63,Clothing,3,500,1500,August,8,2025,46+
581,2025-08-03,CUST310,Female,60,Beauty,2,30,60,August,8,2025,46+
582,2025-08-04,CUST417,Male,29,Clothing,3,300,900,August,8,2025,26-35
583,2025-08-04,CUST414,Female,43,Electronics,4,25,100,August,8,2025,36-45
584,2025-08-04,CUST418,Female,30,Beauty,4,50,200,August,8,2025,26-35
585,2025-08-04,CUST419,Female,57,Clothing,1,25,25,August,8,2025,46+
586,2025-08-05,CUST420,Female,35,Electronics,1,50,50,August,8,2025,26-35
587,2025-08-05,CUST421,Female,42,Beauty,4,300,1200,August,8,2025,36-45
588,2025-08-05,CUST422,Male,50,Electronics,2,30,60,August,8,2025,46+
589,2025-08-05,CUST423,Male,64,Beauty,2,500,1000,August,8,2025,46+
590,2025-08-05,CUST424,Male,57,Clothing,3,300,900,August,8,2025,46+
591,2025-08-05,CUST425,Female,60,Electronics,4,25,100,August,8,2025,46+
592,2025-08-05,CUST426,Male,29,Beauty,4,500,2000,August,8,2025,26-35
593,2025-08-05,CUST427,Female,61,Electronics,2,30,60,August,8,2025,46+
594,2025-08-06,CUST428,Female,53,Electronics,2,300,600,August,8,2025,46+
595,2025-08-06,CUST429,Male,21,Clothing,4,500,2000,August,8,2025,18-25
596,2025-08-07,CUST430,Male,22,Electronics,1,300,300,August,8,2025,18-25
597,2025-08-07,CUST431,Female,54,Beauty,4,300,1200,August,8,2025,46+
598,2025-08-08,CUST432,Male,25,Beauty,4,30,120,August,8,2025,18-25
599,2025-08-08,CUST433,Female,59,Beauty,2,50,100,August,8,2025,46+
600,2025-08-08,CUST434,Female,45,Beauty,2,500,1000,August,8,2025,36-45
601,2025-08-08,CUST018,Female,48,Clothing,1,30,30,August,8,2025,46+
602,2025-08-09,CUST435,Female,26,Electronics,1,300,300,August,8,2025,26-35
603,2025-08-09,CUST111,Female,46,Clothing,3,30,90,August,8,2025,46+
604,2025-08-09,CUST436,Male,31,Electronics,4,50,200,August,8,2025,26-35
605,2025-08-09,CUST113,Male,57,Electronics,2,500,1000,August,8,2025,46+
606,2025-08-10,CUST437,Female,58,Electronics,1,50,50,August,8,2025,46+
607,2025-08-11,CUST108,Female,39,Clothing,3,25,75,August,8,2025,36-45
608,2025-08-11,CUST438,Male,28,Electronics,3,500,1500,August,8,2025,26-35
609,2025-08-11,CUST213,Male,40,Clothing,2,50,100,August,8,2025,36-45
610,2025-08-12,CUST439,Female,18,Beauty,2,300,600,August,8,2025,18-25
611,2025-08-12,CUST411,Male,63,Beauty,3,500,1500,August,8,2025,46+
612,2025-08-12,CUST440,Female,54,Electronics,1,500,500,August,8,2025,46+
613,2025-08-12,CUST412,Male,38,Clothing,3,30,90,August,8,2025,36-45
614,2025-08-13,CUST441,Female,43,Beauty,4,300,1200,August,8,2025,36-45
615,2025-08-13,CUST442,Male,63,Clothing,4,25,100,August,8,2025,46+
616,2025-08-14,CUST443,Female,53,Clothing,2,50,100,August,8,2025,46+
617,2025-08-14,CUST444,Male,40,Electronics,1,30,30,August,8,2025,36-45
618,2025-08-15,CUST445,Male,18,Beauty,4,50,200,August,8,2025,18-25
619,2025-08-15,CUST446,Female,57,Electronics,4,25,100,August,8,2025,46+
620,2025-08-15,CUST447,Male,32,Electronics,3,25,75,August,8,2025,26-35
621,2025-08-15,CUST448,Female,38,Beauty,2,500,1000,August,8,2025,36-45
622,2025-08-15,CUST449,Male,64,Beauty,3,25,75,August,8,2025,46+
623,2025-08-15,CUST450,Female,26,Clothing,3,50,150,August,8,2025,26-35
624,2025-08-17,CUST451,Male,26,Beauty,3,300,900,August,8,2025,26-35
625,2025-08-18,CUST139,Female,27,Clothing,1,300,300,August,8,2025,26-35
626,2025-08-18,CUST452,Male,43,Clothing,4,500,2000,August,8,2025,36-45
627,2025-08-18,CUST258,Female,58,Clothing,1,50,50,August,8,2025,46+
628,2025-08-19,CUST453,Male,52,Beauty,4,50,200,August,8,2025,46+
629,2025-08-19,CUST049,Female,42,Electronics,2,25,50,August,8,2025,36-45
630,2025-08-19,CUST454,Female,43,Clothing,2,50,100,August,8,2025,36-45
631,2025-08-19,CUST108,Female,28,Electronics,3,30,90,August,8,2025,26-35
632,2025-08-20,CUST455,Male,55,Electronics,4,25,100,August,8,2025,46+
633,2025-08-21,CUST310,Female,19,Beauty,4,30,120,August,8,2025,18-25
634,2025-08-21,CUST456,Male,24,Electronics,4,500,2000,August,8,2025,18-25
635,2025-08-21,CUST414,Female,35,Electronics,3,300,900,August,8,2025,26-35
636,2025-08-21,CUST457,Male,44,Beauty,3,500,1500,August,8,2025,36-45
637,2025-08-21,CUST458,Female,51,Clothing,2,300,600,August,8,2025,46+
638,2025-08-21,CUST459,Male,44,Electronics,1,500,500,August,8,2025,36-45
639,2025-08-22,CUST460,Male,34,Beauty,4,50,200,August,8,2025,26-35
640,2025-08-22,CUST461,Female,60,Electronics,4,30,120,August,8,2025,46+
641,2025-08-23,CUST462,Male,61,Electronics,1,300,300,August,8,2025,46+
642,2025-08-23,CUST463,Male,41,Clothing,4,25,100,August,8,2025,36-45
643,2025-08-23,CUST464,Female,42,Electronics,3,30,90,August,8,2025,36-45
644,2025-08-24,CUST465,Male,24,Beauty,3,25,75,August,8,2025,18-25
645,2025-08-24,CUST466,Male,23,Electronics,4,30,120,August,8,2025,18-25
646,2025-08-24,CUST076,Male,41,Clothing,3,30,90,August,8,2025,36-45
647,2025-08-25,CUST467,Female,50,Clothing,3,500,1500,August,8,2025,46+
648,2025-08-25,CUST139,Male,46,Beauty,4,300,1200,August,8,2025,46+
649,2025-08-25,CUST468,Female,60,Clothing,2,300,600,August,8,2025,46+
650,2025-08-26,CUST258,Male,39,Electronics,1,30,30,August,8,2025,36-45
651,2025-08-26,CUST469,Male,43,Clothing,3,50,150,August,8,2025,36-45
652,2025-08-26,CUST049,Male,45,Beauty,2,50,100,August,8,2025,36-45
653,2025-08-27,CUST470,Female,38,Clothing,3,25,75,August,8,2025,36-45
654,2025-08-27,CUST108,Male,24,Clothing,3,25,75,August,8,2025,18-25
655,2025-08-27,CUST471,Male,34,Clothing,1,500,500,August,8,2025,26-35
656,2025-08-27,CUST310,Female,37,Beauty,3,30,90,August,8,2025,36-45
657,2025-08-28,CUST472,Male,58,Clothing,1,25,25,August,8,2025,46+
658,2025-08-28,CUST414,Female,37,Clothing,3,25,75,August,8,2025,36-45
659,2025-08-28,CUST473,Female,39,Electronics,1,30,30,August,8,2025,36-45
660,2025-08-29,CUST474,Male,45,Beauty,2,500,1000,August,8,2025,36-45
661,2025-08-29,CUST475,Female,57,Clothing,4,25,100,August,8,2025,46+
662,2025-08-29,CUST003,Male,24,Beauty,2,500,1000,August,8,2025,18-25
663,2025-08-29,CUST063,Female,18,Clothing,4,300,1200,August,8,2025,18-25
664,2025-08-31,CUST476,Female,49,Clothing,4,500,2000,August,8,2025,46+
665,2025-08-31,CUST063,Male,30,Clothing,1,50,50,August,8,2025,26-35
666,2025-08-31,CUST477,Female,47,Electronics,3,50,150,August,8,2025,46+
667,2025-08-31,CUST478,Female,40,Electronics,1,500,500,August,8,2025,36-45
668,2025-08-31,CUST479,Female,36,Electronics,3,50,150,August,8,2025,36-45
669,2025-09-01,CUST003,Female,49,Beauty,4,300,1200,September,9,2025,46+
670,2025-09-01,CUST480,Female,47,Beauty,1,30,30,September,9,2025,46+
671,2025-09-01,CUST213,Male,46,Electronics,3,50,150,September,9,2025,46+
672,2025-09-01,CUST481,Female,62,Beauty,2,50,100,September,9,2025,46+
673,2025-09-02,CUST073,Male,46,Clothing,3,500,1500,September,9,2025,46+
674,2025-09-02,CUST482,Female,47,Clothing,1,300,300,September,9,2025,46+
675,2025-09-02,CUST256,Male,33,Clothing,2,30,60,September,9,2025,26-35
676,2025-09-03,CUST483,Male,57,Electronics,3,500,1500,September,9,2025,46+
677,2025-09-04,CUST289,Female,36,Beauty,3,500,1500,September,9,2025,36-45
678,2025-09-05,CUST484,Female,35,Electronics,3,300,900,September,9,2025,26-35
679,2025-09-05,CUST290,Female,18,Beauty,3,30,90,September,9,2025,18-25
680,2025-09-06,CUST485,Male,31,Clothing,3,300,900,September,9,2025,26-35
681,2025-09-06,CUST076,Female,64,Electronics,2,30,60,September,9,2025,46+
682,2025-09-06,CUST486,Female,31,Beauty,4,300,1200,September,9,2025,26-35
683,2025-09-06,CUST307,Male,55,Beauty,2,500,1000,September,9,2025,46+
684,2025-09-06,CUST487,Male,53,Clothing,2,500,1000,September,9,2025,46+
685,2025-09-07,CUST488,Male,50,Electronics,2,25,50,September,9,2025,46+
686,2025-09-07,CUST489,Female,40,Electronics,4,50,200,September,9,2025,36-45
687,2025-09-07,CUST490,Male,61,Electronics,1,300,300,September,9,2025,46+
688,2025-09-08,CUST491,Female,19,Clothing,4,25,100,September,9,2025,18-25
689,2025-09-08,CUST492,Male,19,Electronics,2,50,100,September,9,2025,18-25
690,2025-09-08,CUST493,Female,37,Clothing,3,300,900,September,9,2025,36-45
691,2025-09-08,CUST494,Male,54,Clothing,3,30,90,September,9,2025,46+
692,2025-09-09,CUST495,Female,26,Clothing,2,50,100,September,9,2025,26-35
693,2025-09-09,CUST308,Male,22,Beauty,3,500,1500,September,9,2025,18-25
694,2025-09-09,CUST496,Female,28,Electronics,2,25,50,September,9,2025,26-35
695,2025-09-10,CUST497,Female,26,Electronics,3,50,150,September,9,2025,26-35
696,2025-09-11,CUST498,Male,51,Clothing,4,50,200,September,9,2025,46+
697,2025-09-11,CUST411,Female,52,Clothing,1,500,500,September,9,2025,46+
698,2025-09-13,CUST499,Female,52,Electronics,1,300,300,September,9,2025,46+
699,2025-09-14,CUST500,Male,57,Clothing,4,30,120,September,9,2025,46+
700,2025-09-15,CUST204,Female,46,Electronics,4,500,2000,September,9,2025,46+
701,2025-09-16,CUST501,Male,28,Beauty,2,30,60,September,9,2025,26-35
702,2025-09-16,CUST05,Male,58,Clothing,2,300,600,September,9,2025,46+
703,2025-09-16,CUST304,Female,54,Electronics,2,50,100,September,9,2025,46+
704,2025-09-17,CUST502,Male,31,Clothing,3,30,90,September,9,2025,26-35
705,2025-09-17,CUST063,Female,22,Electronics,2,25,50,September,9,2025,18-25
706,2025-09-17,CUST503,Male,21,Electronics,4,25,100,September,9,2025,18-25
707,2025-09-17,CUST026,Male,62,Clothing,1,500,500,September,9,2025,46+
708,2025-09-17,CUST504,Male,42,Beauty,3,300,900,September,9,2025,36-45
709,2025-09-18,CUST113,Female,35,Electronics,2,500,1000,September,9,2025,26-35
710,2025-09-18,CUST505,Male,57,Electronics,3,500,1500,September,9,2025,46+
711,2025-09-18,CUST211,Male,31,Electronics,3,500,1500,September,9,2025,26-35
712,2025-09-19,CUST506,Female,55,Beauty,2,25,50,September,9,2025,46+
713,2025-09-19,CUST507,Male,50,Beauty,3,25,75,September,9,2025,46+
714,2025-09-21,CUST508,Female,40,Clothing,1,500,500,September,9,2025,36-45
715,2025-09-21,CUST509,Female,34,Beauty,4,25,100,September,9,2025,26-35
716,2025-09-22,CUST510,Female,57,Clothing,4,300,1200,September,9,2025,46+
717,2025-09-22,CUST511,Male,23,Clothing,1,500,500,September,9,2025,18-25
718,2025-09-23,CUST073,Male,23,Beauty,3,25,75,September,9,2025,18-25
719,2025-09-24,CUST512,Male,56,Clothing,2,30,60,September,9,2025,46+
720,2025-09-24,CUST137,Male,50,Beauty,3,500,1500,September,9,2025,46+
721,2025-09-25,CUST513,Female,54,Clothing,1,500,500,September,9,2025,46+
722,2025-09-25,CUST257,Male,50,Beauty,3,300,900,September,9,2025,46+
723,2025-09-25,CUST514,Male,39,Beauty,4,50,200,September,9,2025,36-45
724,2025-09-26,CUST330,Male,50,Clothing,3,50,150,September,9,2025,46+
725,2025-09-28,CUST515,Male,46,Electronics,1,300,300,September,9,2025,46+
726,2025-09-28,CUST076,Female,46,Clothing,4,300,1200,September,9,2025,46+
727,2025-09-28,CUST516,Female,21,Beauty,3,300,900,September,9,2025,18-25
728,2025-09-29,CUST139,Male,62,Electronics,3,50,150,September,9,2025,46+
729,2025-09-29,CUST517,Female,19,Clothing,4,300,1200,September,9,2025,18-25
730,2025-09-29,CUST258,Male,53,Clothing,2,25,50,September,9,2025,46+
731,2025-09-29,CUST518,Male,19,Clothing,4,500,2000,September,9,2025,18-25
732,2025-09-30,CUST331,Male,45,Electronics,2,500,1000,September,9,2025,36-45
733,2025-09-30,CUST519,Male,47,Beauty,1,30,30,September,9,2025,46+
734,2025-10-01,CUST292,Female,55,Clothing,1,30,30,October,10,2025,46+
735,2025-10-01,CUST520,Female,21,Clothing,4,500,2000,October,10,2025,18-25
736,2025-10-01,CUST185,Male,18,Clothing,4,25,100,October,10,2025,18-25
737,2025-10-02,CUST521,Male,25,Clothing,1,50,50,October,10,2025,18-25
738,2025-10-02,CUST289,Female,46,Clothing,2,50,100,October,10,2025,46+
739,2025-10-02,CUST522,Male,56,Beauty,1,25,25,October,10,2025,46+
740,2025-10-02,CUST358,Female,20,Beauty,4,50,200,October,10,2025,18-25
741,2025-10-02,CUST523,Male,49,Clothing,1,300,300,October,10,2025,46+
742,2025-10-03,CUST026,Female,27,Electronics,4,500,2000,October,10,2025,26-35
743,2025-10-03,CUST524,Male,27,Beauty,4,500,2000,October,10,2025,26-35
744,2025-10-03,CUST113,Female,36,Electronics,1,25,25,October,10,2025,36-45
745,2025-10-03,CUST525,Male,63,Beauty,2,50,100,October,10,2025,46+
746,2025-10-03,CUST211,Female,51,Clothing,3,30,90,October,10,2025,46+
747,2025-10-04,CUST526,Female,50,Beauty,1,30,30,October,10,2025,46+
748,2025-10-04,CUST527,Male,40,Clothing,3,50,150,October,10,2025,36-45
749,2025-10-04,CUST528,Male,45,Beauty,1,30,30,October,10,2025,36-45
750,2025-10-04,CUST529,Female,49,Clothing,3,25,75,October,10,2025,46+
751,2025-10-04,CUST530,Male,24,Clothing,2,25,50,October,10,2025,18-25
752,2025-10-04,CUST531,Female,46,Clothing,2,50,100,October,10,2025,46+
753,2025-10-05,CUST532,Male,25,Clothing,1,30,30,October,10,2025,18-25
754,2025-10-05,CUST533,Female,18,Electronics,4,25,100,October,10,2025,18-25
755,2025-10-06,CUST076,Female,20,Clothing,3,25,75,October,10,2025,18-25
756,2025-10-07,CUST534,Female,41,Electronics,4,300,1200,October,10,2025,36-45
757,2025-10-07,CUST139,Female,40,Electronics,4,300,1200,October,10,2025,36-45
758,2025-10-07,CUST535,Female,25,Clothing,4,25,100,October,10,2025,18-25
759,2025-10-07,CUST258,Female,64,Electronics,2,50,100,October,10,2025,46+
760,2025-10-08,CUST536,Male,54,Beauty,1,500,500,October,10,2025,46+
761,2025-10-08,CUST049,Male,20,Clothing,1,500,500,October,10,2025,18-25
762,2025-10-09,CUST537,Male,50,Electronics,2,25,50,October,10,2025,46+
763,2025-10-09,CUST108,Female,45,Clothing,2,25,50,October,10,2025,36-45
764,2025-10-09,CUST538,Female,64,Clothing,1,25,25,October,10,2025,46+
765,2025-10-10,CUST310,Female,25,Clothing,4,50,200,October,10,2025,18-25
766,2025-10-10,CUST539,Female,51,Electronics,3,300,900,October,10,2025,46+
767,2025-10-10,CUST414,Male,52,Beauty,3,25,75,October,10,2025,46+
768,2025-10-10,CUST540,Male,49,Beauty,3,25,75,October,10,2025,46+
769,2025-10-11,CUST003,Female,41,Electronics,4,30,120,October,10,2025,36-45
770,2025-10-11,CUST541,Male,31,Clothing,1,50,50,October,10,2025,26-35
771,2025-10-11,CUST063,Male,49,Electronics,2,25,50,October,10,2025,46+
772,2025-10-11,CUST542,Female,63,Electronics,1,30,30,October,10,2025,46+
773,2025-10-11,CUST029,Male,60,Electronics,4,500,2000,October,10,2025,46+
774,2025-10-11,CUST543,Female,33,Clothing,2,25,50,October,10,2025,26-35
775,2025-10-11,CUST114,Male,21,Electronics,4,25,100,October,10,2025,18-25
776,2025-10-12,CUST544,Female,54,Clothing,3,30,90,October,10,2025,46+
777,2025-10-12,CUST308,Female,38,Electronics,3,50,150,October,10,2025,36-45
778,2025-10-12,CUST545,Female,31,Beauty,4,25,100,October,10,2025,26-35
779,2025-10-13,CUST305,Female,48,Electronics,5,500,2500,October,10,2025,46+
780,2025-10-13,CUST546,Male,35,Electronics,2,25,50,October,10,2025,26-35
781,2025-10-13,CUST414,Female,24,Beauty,1,500,500,October,10,2025,18-25
782,2025-10-14,CUST547,Female,27,Clothing,3,300,900,October,10,2025,26-35
783,2025-10-14,CUST548,Female,24,Clothing,1,300,300,October,10,2025,18-25
784,2025-10-15,CUST549,Male,50,Electronics,1,500,500,October,10,2025,46+
785,2025-10-15,CUST550,Female,40,Beauty,4,50,200,October,10,2025,36-45
786,2025-10-15,CUST551,Male,38,Clothing,4,25,100,October,10,2025,36-45
787,2025-10-16,CUST552,Female,36,Electronics,1,25,25,October,10,2025,36-45
788,2025-10-16,CUST553,Male,36,Beauty,3,300,900,October,10,2025,36-45
789,2025-10-16,CUST554,Male,53,Clothing,4,500,2000,October,10,2025,46+
790,2025-10-16,CUST555,Female,46,Clothing,1,25,25,October,10,2025,46+
791,2025-10-17,CUST556,Male,35,Beauty,1,25,25,October,10,2025,26-35
792,2025-10-17,CUST557,Female,19,Beauty,1,50,50,October,10,2025,18-25
793,2025-10-18,CUST558,Female,18,Beauty,1,30,30,October,10,2025,18-25
794,2025-10-18,CUST559,Female,64,Beauty,6,300,1800,October,10,2025,46+
795,2025-10-19,CUST560,Male,22,Electronics,1,300,300,October,10,2025,18-25
796,2025-10-19,CUST561,Male,37,Beauty,4,30,120,October,10,2025,36-45
797,2025-10-19,CUST562,Female,28,Clothing,3,25,75,October,10,2025,26-35
798,2025-10-19,CUST563,Female,59,Clothing,1,50,50,October,10,2025,46+
799,2025-10-20,CUST564,Male,19,Electronics,2,50,100,October,10,2025,18-25
800,2025-10-21,CUST565,Female,20,Clothing,4,300,1200,October,10,2025,18-25
801,2025-10-22,CUST566,Female,40,Clothing,4,50,200,October,10,2025,36-45
802,2025-10-22,CUST567,Female,29,Beauty,1,30,30,October,10,2025,26-35
803,2025-10-22,CUST568,Male,37,Clothing,4,25,100,October,10,2025,36-45
804,2025-10-23,CUST569,Male,22,Electronics,1,30,30,October,10,2025,18-25
805,2025-10-23,CUST570,Male,54,Beauty,3,500,1500,October,10,2025,46+
806,2025-10-23,CUST571,Female,55,Beauty,3,300,900,October,10,2025,46+
807,2025-10-23,CUST572,Female,47,Electronics,4,50,200,October,10,2025,46+
808,2025-10-24,CUST573,Female,26,Beauty,4,500,2000,October,10,2025,26-35
809,2025-10-24,CUST574,Female,43,Beauty,2,50,100,October,10,2025,36-45
810,2025-10-24,CUST575,Male,39,Electronics,4,25,100,October,10,2025,36-45
811,2025-10-24,CUST576,Female,64,Beauty,2,25,50,October,10,2025,46+
812,2025-10-25,CUST577,Female,60,Electronics,3,25,75,October,10,2025,46+
813,2025-10-25,CUST578,Male,34,Electronics,3,50,150,October,10,2025,26-35
814,2025-10-26,CUST579,Female,43,Clothing,1,500,500,October,10,2025,36-45
815,2025-10-26,CUST580,Male,53,Clothing,3,25,75,October,10,2025,46+
816,2025-10-26,CUST581,Female,25,Beauty,2,500,1000,October,10,2025,18-25
817,2025-10-27,CUST582,Female,52,Beauty,4,50,200,October,10,2025,46+
818,2025-10-27,CUST583,Male,40,Electronics,1,500,500,October,10,2025,36-45
819,2025-10-27,CUST584,Male,41,Beauty,2,50,100,October,10,2025,36-45
820,2025-10-29,CUST585,Male,24,Electronics,4,50,200,October,10,2025,18-25
821,2025-10-29,CUST586,Male,20,Electronics,1,300,300,October,10,2025,18-25
822,2025-10-29,CUST587,Female,64,Beauty,3,50,150,October,10,2025,46+
823,2025-10-29,CUST588,Male,40,Electronics,2,50,100,October,10,2025,36-45
824,2025-10-29,CUST589,Male,55,Clothing,4,30,120,October,10,2025,46+
825,2025-10-29,CUST590,Male,52,Beauty,1,25,25,October,10,2025,46+
826,2025-10-30,CUST591,Female,32,Clothing,1,300,300,October,10,2025,26-35
827,2025-10-31,CUST592,Female,42,Beauty,3,300,900,October,10,2025,36-45
828,2025-10-31,CUST593,Female,34,Electronics,4,300,1200,October,10,2025,26-35
829,2025-10-31,CUST594,Male,56,Beauty,3,30,90,October,10,2025,46+
830,2025-11-01,CUST595,Female,43,Clothing,3,50,150,November,11,2025,36-45
831,2025-11-01,CUST596,Male,61,Electronics,4,25,100,November,11,2025,46+
832,2025-11-01,CUST597,Male,21,Beauty,4,500,2000,November,11,2025,18-25
833,2025-11-01,CUST598,Male,58,Beauty,4,50,200,November,11,2025,46+
834,2025-11-02,CUST599,Male,51,Beauty,2,30,60,November,11,2025,46+
835,2025-11-02,CUST600,Female,64,Clothing,4,50,200,November,11,2025,46+
836,2025-11-02,CUST601,Female,25,Clothing,1,50,50,November,11,2025,18-25
837,2025-11-02,CUST139,Female,61,Beauty,3,30,90,November,11,2025,46+
838,2025-11-02,CUST602,Female,23,Electronics,2,300,600,November,11,2025,18-25
839,2025-11-02,CUST258,Female,54,Electronics,4,300,1200,November,11,2025,46+
840,2025-11-03,CUST603,Male,21,Clothing,2,25,50,November,11,2025,18-25
841,2025-11-04,CUST049,Male,47,Electronics,4,25,100,November,11,2025,46+
842,2025-11-05,CUST604,Male,26,Clothing,2,300,600,November,11,2025,26-35
843,2025-11-05,CUST108,Male,20,Beauty,3,500,1500,November,11,2025,18-25
844,2025-11-06,CUST605,Female,53,Clothing,3,50,150,November,11,2025,46+
845,2025-11-06,CUST310,Male,48,Clothing,1,500,500,November,11,2025,46+
846,2025-11-07,CUST606,Male,23,Beauty,1,50,50,November,11,2025,18-25
847,2025-11-07,CUST414,Female,37,Electronics,4,300,1200,November,11,2025,36-45
848,2025-11-07,CUST607,Female,45,Clothing,3,25,75,November,11,2025,36-45
849,2025-11-07,CUST590,Male,21,Clothing,2,25,50,November,11,2025,18-25
850,2025-11-07,CUST608,Male,47,Beauty,2,500,1000,November,11,2025,46+
851,2025-11-07,CUST003,Male,55,Electronics,2,25,50,November,11,2025,46+
852,2025-11-08,CUST609,Male,25,Clothing,1,300,300,November,11,2025,18-25
853,2025-11-08,CUST063,Female,23,Beauty,2,500,1000,November,11,2025,18-25
854,2025-11-09,CUST610,Male,43,Clothing,1,50,50,November,11,2025,36-45
855,2025-11-09,CUST063,Male,36,Beauty,1,25,25,November,11,2025,36-45
856,2025-11-09,CUST611,Female,37,Electronics,4,30,120,November,11,2025,36-45
857,2025-11-10,CUST612,Male,50,Electronics,2,25,50,November,11,2025,46+
858,2025-11-10,CUST613,Male,51,Electronics,2,50,100,November,11,2025,46+
859,2025-11-12,CUST413,Female,61,Electronics,3,500,1500,November,11,2025,46+
860,2025-11-12,CUST614,Female,52,Clothing,4,50,200,November,11,2025,46+
861,2025-11-13,CUST412,Female,39,Clothing,3,30,90,November,11,2025,36-45
862,2025-11-13,CUST615,Female,61,Electronics,4,300,1200,November,11,2025,46+
863,2025-11-14,CUST623,Male,41,Electronics,2,25,50,November,11,2025,36-45
864,2025-11-14,CUST616,Male,34,Electronics,1,500,500,November,11,2025,26-35
865,2025-11-14,CUST582,Female,27,Clothing,1,300,300,November,11,2025,26-35
866,2025-11-14,CUST617,Male,47,Electronics,1,50,50,November,11,2025,46+
867,2025-11-15,CUST585,Male,63,Electronics,1,500,500,November,11,2025,46+
868,2025-11-15,CUST618,Female,40,Electronics,1,300,300,November,11,2025,36-45
869,2025-11-15,CUST590,Female,49,Beauty,3,500,1500,November,11,2025,46+
870,2025-11-16,CUST619,Male,34,Electronics,4,30,120,November,11,2025,26-35
871,2025-11-17,CUST018,Female,34,Beauty,2,30,60,November,11,2025,26-35
872,2025-11-17,CUST620,Male,31,Beauty,3,25,75,November,11,2025,26-35
873,2025-11-17,CUST026,Female,26,Electronics,4,25,100,November,11,2025,26-35
874,2025-11-17,CUST621,Male,50,Beauty,1,30,30,November,11,2025,46+
875,2025-11-18,CUST113,Male,30,Electronics,4,500,2000,November,11,2025,26-35
876,2025-11-18,CUST622,Male,63,Clothing,4,30,120,November,11,2025,46+
877,2025-11-18,CUST211,Male,22,Clothing,1,25,25,November,11,2025,18-25
878,2025-11-19,CUST623,Female,42,Clothing,3,30,90,November,11,2025,36-45
879,2025-11-19,CUST624,Female,47,Clothing,1,30,30,November,11,2025,46+
880,2025-11-20,CUST625,Female,28,Beauty,2,500,1000,November,11,2025,26-35
881,2025-11-21,CUST626,Female,42,Electronics,1,300,300,November,11,2025,36-45
882,2025-11-21,CUST627,Male,44,Electronics,2,25,50,November,11,2025,36-45
883,2025-11-21,CUST628,Female,50,Electronics,1,500,500,November,11,2025,46+
884,2025-11-22,CUST629,Female,55,Clothing,2,30,60,November,11,2025,46+
885,2025-11-22,CUST630,Female,20,Clothing,4,30,120,November,11,2025,18-25
886,2025-11-22,CUST631,Male,54,Electronics,3,300,900,November,11,2025,46+
887,2025-11-23,CUST161,Female,54,Clothing,4,25,100,November,11,2025,46+
888,2025-11-23,CUST632,Male,34,Electronics,4,25,100,November,11,2025,26-35
889,2025-11-23,CUST260,Female,38,Electronics,1,50,50,November,11,2025,36-45
890,2025-11-24,CUST633,Male,57,Electronics,2,25,50,November,11,2025,46+
891,2025-11-24,CUST307,Male,51,Electronics,3,300,900,November,11,2025,46+
892,2025-11-24,CUST634,Female,45,Electronics,1,50,50,November,11,2025,36-45
893,2025-11-25,CUST213,Male,25,Electronics,1,50,50,November,11,2025,18-25
894,2025-11-25,CUST635,Female,20,Electronics,1,30,30,November,11,2025,18-25
895,2025-11-26,CUST580,Male,29,Clothing,4,30,120,November,11,2025,26-35
896,2025-11-26,CUST636,Female,22,Electronics,2,25,50,November,11,2025,18-25
897,2025-11-27,CUST615,Male,40,Electronics,2,50,100,November,11,2025,36-45
898,2025-11-27,CUST637,Male,54,Clothing,3,30,90,November,11,2025,46+
899,2025-11-27,CUST076,Female,38,Clothing,2,300,600,November,11,2025,36-45
900,2025-11-28,CUST638,Female,55,Clothing,2,30,60,November,11,2025,46+
901,2025-11-28,CUST139,Female,51,Electronics,1,30,30,November,11,2025,46+
902,2025-11-29,CUST639,Female,55,Beauty,1,50,50,November,11,2025,46+
903,2025-11-29,CUST258,Female,51,Beauty,4,50,200,November,11,2025,46+
904,2025-11-29,CUST640,Female,50,Clothing,1,500,500,November,11,2025,46+
905,2025-11-30,CUST641,Male,41,Beauty,1,300,300,November,11,2025,36-45
906,2025-11-30,CUST642,Female,22,Clothing,1,50,50,November,11,2025,18-25
907,2025-11-30,CUST643,Female,34,Electronics,1,25,25,November,11,2025,26-35
908,2025-12-01,CUST644,Female,34,Beauty,4,300,1200,December,12,2025,26-35
909,2025-12-01,CUST177,Female,41,Electronics,1,300,300,December,12,2025,36-45
910,2025-12-02,CUST645,Male,19,Beauty,3,50,150,December,12,2025,18-25
911,2025-12-02,CUST278,Female,30,Electronics,3,300,900,December,12,2025,26-35
912,2025-12-02,CUST646,Female,28,Beauty,3,50,150,December,12,2025,26-35
913,2025-12-03,CUST353,Male,64,Electronics,3,30,90,December,12,2025,46+
914,2025-12-04,CUST647,Female,40,Electronics,1,500,500,December,12,2025,36-45
915,2025-12-04,CUST178,Male,42,Beauty,3,30,90,December,12,2025,36-45
916,2025-12-04,CUST648,Male,20,Electronics,1,50,50,December,12,2025,18-25
917,2025-12-04,CUST279,Male,49,Electronics,4,50,200,December,12,2025,46+
918,2025-12-05,CUST649,Male,44,Electronics,3,30,90,December,12,2025,36-45
919,2025-12-05,CUST354,Male,38,Beauty,2,25,50,December,12,2025,36-45
920,2025-12-05,CUST650,Female,22,Beauty,3,25,75,December,12,2025,18-25
921,2025-12-05,CUST182,Male,35,Electronics,3,25,75,December,12,2025,26-35
922,2025-12-05,CUST651,Male,23,Electronics,1,50,50,December,12,2025,18-25
923,2025-12-06,CUST285,Female,58,Beauty,3,300,900,December,12,2025,46+
924,2025-12-06,CUST652,Male,57,Beauty,2,50,100,December,12,2025,46+
925,2025-12-06,CUST356,Female,19,Electronics,5,300,1500,December,12,2025,18-25
926,2025-12-06,CUST653,Male,62,Electronics,1,30,30,December,12,2025,46+
927,2025-12-06,CUST186,Male,42,Electronics,4,500,2000,December,12,2025,36-45
928,2025-12-07,CUST654,Male,56,Clothing,4,300,1200,December,12,2025,46+
929,2025-12-07,CUST290,Female,26,Beauty,3,25,75,December,12,2025,26-35
930,2025-12-08,CUST655,Male,39,Clothing,4,50,200,December,12,2025,36-45
931,2025-12-08,CUST361,Male,60,Beauty,4,30,120,December,12,2025,46+
932,2025-12-08,CUST656,Female,63,Beauty,4,25,100,December,12,2025,46+
933,2025-12-08,CUST105,Female,21,Beauty,1,30,30,December,12,2025,18-25
934,2025-12-09,CUST657,Male,43,Beauty,1,500,500,December,12,2025,36-45
935,2025-12-09,CUST204,Male,46,Beauty,1,50,50,December,12,2025,46+
936,2025-12-09,CUST658,Female,62,Beauty,4,50,200,December,12,2025,46+
937,2025-12-09,CUST304,Female,51,Beauty,1,500,500,December,12,2025,46+
938,2025-12-09,CUST659,Female,40,Clothing,4,50,200,December,12,2025,36-45
939,2025-12-09,CUST660,Female,54,Electronics,1,300,300,December,12,2025,46+
940,2025-12-10,CUST661,Female,28,Electronics,1,30,30,December,12,2025,26-35
941,2025-12-10,CUST662,Male,23,Clothing,2,25,50,December,12,2025,18-25
942,2025-12-10,CUST663,Female,35,Clothing,3,500,1500,December,12,2025,26-35
943,2025-12-10,CUST664,Male,38,Clothing,4,300,1200,December,12,2025,36-45
944,2025-12-11,CUST665,Male,59,Clothing,2,25,50,December,12,2025,46+
945,2025-12-11,CUST666,Male,53,Beauty,1,25,25,December,12,2025,46+
946,2025-12-12,CUST667,Female,58,Electronics,4,500,2000,December,12,2025,46+
947,2025-12-12,CUST668,Male,55,Beauty,1,300,300,December,12,2025,46+
948,2025-12-13,CUST669,Male,51,Electronics,3,25,75,December,12,2025,46+
949,2025-12-13,CUST670,Female,34,Electronics,2,25,50,December,12,2025,26-35
950,2025-12-13,CUST671,Male,54,Clothing,3,300,900,December,12,2025,46+
951,2025-12-14,CUST672,Male,42,Beauty,2,50,100,December,12,2025,36-45
952,2025-12-14,CUST673,Female,55,Clothing,1,25,25,December,12,2025,46+
953,2025-12-15,CUST674,Male,29,Beauty,3,30,90,December,12,2025,26-35
954,2025-12-15,CUST675,Male,40,Electronics,3,300,900,December,12,2025,36-45
955,2025-12-16,CUST105,Male,59,Clothing,1,25,25,December,12,2025,46+
956,2025-12-16,CUST676,Female,39,Clothing,3,500,1500,December,12,2025,36-45
957,2025-12-16,CUST204,Female,38,Electronics,4,30,120,December,12,2025,36-45
958,2025-12-17,CUST677,Female,44,Electronics,2,25,50,December,12,2025,36-45
959,2025-12-17,CUST304,Male,48,Electronics,2,30,60,December,12,2025,46+
960,2025-12-18,CUST678,Male,23,Clothing,2,30,60,December,12,2025,18-25
961,2025-12-18,CUST585,Female,44,Beauty,4,50,200,December,12,2025,36-45
962,2025-12-18,CUST679,Male,57,Clothing,2,30,60,December,12,2025,46+
963,2025-12-18,CUST625,Male,51,Beauty,1,50,50,December,12,2025,46+
964,2025-12-19,CUST680,Female,29,Clothing,3,300,900,December,12,2025,26-35
965,2025-12-19,CUST616,Female,62,Clothing,4,50,200,December,12,2025,46+
966,2025-12-19,CUST681,Male,24,Electronics,2,500,1000,December,12,2025,18-25
967,2025-12-20,CUST623,Male,27,Beauty,1,25,25,December,12,2025,26-35
968,2025-12-20,CUST682,Male,62,Clothing,3,300,900,December,12,2025,46+
969,2025-12-20,CUST625,Female,34,Clothing,3,300,900,December,12,2025,26-35
970,2025-12-20,CUST683,Female,43,Electronics,4,500,2000,December,12,2025,36-45
971,2025-12-20,CUST363,Female,38,Electronics,4,50,200,December,12,2025,36-45
972,2025-12-21,CUST684,Female,45,Beauty,4,25,100,December,12,2025,36-45
973,2025-12-22,CUST063,Male,63,Clothing,1,50,50,December,12,2025,46+
974,2025-12-23,CUST685,Female,19,Beauty,1,30,30,December,12,2025,18-25
975,2025-12-23,CUST026,Female,60,Clothing,4,50,200,December,12,2025,46+
976,2025-12-23,CUST686,Female,18,Beauty,2,300,600,December,12,2025,18-25
977,2025-12-23,CUST113,Female,53,Electronics,3,25,75,December,12,2025,46+
978,2025-12-23,CUST687,Female,43,Clothing,3,50,150,December,12,2025,36-45
979,2025-12-23,CUST211,Male,46,Beauty,1,25,25,December,12,2025,46+
980,2025-12-24,CUST688,Male,38,Electronics,3,25,75,December,12,2025,36-45
981,2025-12-24,CUST689,Female,28,Electronics,2,30,60,December,12,2025,26-35
982,2025-12-25,CUST690,Male,57,Beauty,3,30,90,December,12,2025,46+
983,2025-12-26,CUST691,Female,28,Clothing,1,300,300,December,12,2025,26-35
984,2025-12-26,CUST692,Female,53,Clothing,1,500,500,December,12,2025,46+
985,2025-12-26,CUST693,Male,56,Electronics,2,25,50,December,12,2025,46+
986,2025-12-26,CUST694,Male,57,Clothing,2,500,1000,December,12,2025,46+
987,2025-12-26,CUST094,Female,52,Clothing,3,300,900,December,12,2025,46+
988,2025-12-26,CUST695,Female,51,Clothing,3,25,75,December,12,2025,46+
989,2025-12-27,CUST696,Female,64,Electronics,1,25,25,December,12,2025,46+
990,2025-12-27,CUST697,Male,41,Beauty,2,500,1000,December,12,2025,36-45
991,2025-12-28,CUST198,Female,39,Clothing,2,50,100,December,12,2025,36-45
992,2025-12-28,CUST698,Female,22,Electronics,2,30,60,December,12,2025,18-25
993,2025-12-28,CUST699,Female,50,Electronics,3,50,150,December,12,2025,46+
994,2025-12-29,CUST700,Male,53,Beauty,2,500,1000,December,12,2025,46+
995,2025-12-29,CUST256,Female,64,Clothing,4,30,120,December,12,2025,46+
996,2025-12-29,CUST346,Female,37,Clothing,1,50,50,December,12,2025,36-45
997,2025-12-29,CUST701,Male,36,Beauty,3,30,90,December,12,2025,36-45
998,2025-12-31,CUST443,Female,52,Beauty,4,25,100,December,12,2025,46+
999,2025-12-31,CUST702,Female,60,Electronics,3,50,150,December,12,2025,46+
1000,2025-12-31,CUST703,Male,34,Electronics,4,30,120,December,12,2025,26-35
